mentions;isStrMatch;isMatchNoCasePunc;isAbbrev;isFirstPronoun;isScndPronoun;isOnOneSentence;isMatchPartial;firstNameClass;scndNameClass;isCoref
[(Ahok:)-(UN Sebaiknya Ditiadakan Wakil Gubernur DKI Jakarta Basuki Tjahaja Purnama)];FALSE;FALSE;FALSE;FALSE;FALSE;TRUE;FALSE;PERSON;ORGANIZATION;FALSE
[(Ahok:)-(Ahok)];FALSE;FALSE;FALSE;FALSE;FALSE;TRUE;TRUE;PERSON;PERSON;TRUE
[(Ahok:)-(Ujian Nasional)];FALSE;FALSE;FALSE;FALSE;FALSE;TRUE;FALSE;PERSON;PERSON;FALSE
[(Ahok:)-((UN)];FALSE;FALSE;FALSE;FALSE;FALSE;TRUE;FALSE;PERSON;OTHER;FALSE
[(Ahok:)-(Pasalnya UN)];FALSE;FALSE;FALSE;FALSE;FALSE;FALSE;FALSE;PERSON;PERSON;FALSE
[(Ahok:)-(murid stres)];FALSE;FALSE;FALSE;FALSE;FALSE;FALSE;FALSE;PERSON;OTHER;FALSE
"[(Ahok:)-(Murid)]""";FALSE;FALSE;FALSE;FALSE;FALSE;FALSE;FALSE;PERSON;OTHER;FALSE
[(Ahok:)-(sisi disiplinnya,)];FALSE;FALSE;FALSE;FALSE;FALSE;FALSE;FALSE;PERSON;OTHER;FALSE
"[(Ahok:)-(nilai UN,)]""";FALSE;FALSE;FALSE;FALSE;FALSE;FALSE;FALSE;PERSON;OTHER;FALSE
[(Ahok:)-(Ahok)];FALSE;FALSE;FALSE;FALSE;FALSE;FALSE;TRUE;PERSON;PERSON;TRUE
[(Ahok:)-(balai kota Jakarta,)];FALSE;FALSE;FALSE;FALSE;FALSE;FALSE;FALSE;PERSON;OTHER;FALSE
[(Ahok:)-(Senin)];FALSE;FALSE;FALSE;FALSE;FALSE;FALSE;FALSE;PERSON;OTHER;FALSE
[(Ahok:)-(stres)];FALSE;FALSE;FALSE;FALSE;FALSE;FALSE;FALSE;PERSON;OTHER;FALSE
[(Ahok:)-(Ahok)];FALSE;FALSE;FALSE;FALSE;FALSE;FALSE;TRUE;PERSON;PERSON;TRUE
[(Ahok:)-(murid)];FALSE;FALSE;FALSE;FALSE;FALSE;FALSE;FALSE;PERSON;OTHER;FALSE
[(Ahok:)-(dukun)];FALSE;FALSE;FALSE;FALSE;FALSE;FALSE;FALSE;PERSON;OTHER;FALSE
[(Ahok:)-(doa)];FALSE;FALSE;FALSE;FALSE;FALSE;FALSE;FALSE;PERSON;OTHER;FALSE
[(Ahok:)-(Mantan Bupati Belitung)];FALSE;FALSE;FALSE;FALSE;FALSE;FALSE;FALSE;PERSON;PERSON;TRUE
[(Ahok:)-(UN)];FALSE;FALSE;FALSE;FALSE;FALSE;FALSE;FALSE;PERSON;ORGANIZATION;FALSE
[(Ahok:)-(peserta)];FALSE;FALSE;FALSE;FALSE;FALSE;FALSE;FALSE;PERSON;OTHER;FALSE
[(Ahok:)-(sebuah karakter)];FALSE;FALSE;FALSE;FALSE;FALSE;FALSE;FALSE;PERSON;OTHER;FALSE
"[(Ahok:)-(Memangnya)]""";FALSE;FALSE;FALSE;FALSE;FALSE;FALSE;FALSE;PERSON;OTHER;FALSE
[(Ahok:)-(jaminan)];FALSE;FALSE;FALSE;FALSE;FALSE;FALSE;FALSE;PERSON;OTHER;FALSE
[(Ahok:)-(nilai UN bagus)];FALSE;FALSE;FALSE;FALSE;FALSE;FALSE;FALSE;PERSON;OTHER;FALSE
[(Ahok:)-(karakter)];FALSE;FALSE;FALSE;FALSE;FALSE;FALSE;FALSE;PERSON;OTHER;FALSE
[(Ahok:)-(bagus?)];FALSE;FALSE;FALSE;FALSE;FALSE;FALSE;FALSE;PERSON;OTHER;FALSE
[(Ahok:)-(kerja?)];FALSE;FALSE;FALSE;FALSE;FALSE;FALSE;FALSE;PERSON;OTHER;FALSE
[(Ahok:)-(Bisa teguh)];FALSE;FALSE;FALSE;FALSE;FALSE;FALSE;FALSE;PERSON;OTHER;FALSE
[(Ahok:)-(kesulitan?)];FALSE;FALSE;FALSE;FALSE;FALSE;FALSE;FALSE;PERSON;OTHER;FALSE
[(Ahok:)-(tegas Ahok)];FALSE;FALSE;FALSE;FALSE;FALSE;FALSE;FALSE;PERSON;OTHER;FALSE
[(Ahok:)-(Ahok)];FALSE;FALSE;FALSE;FALSE;FALSE;FALSE;TRUE;PERSON;PERSON;TRUE
[(Ahok:)-(kegiatan)];FALSE;FALSE;FALSE;FALSE;FALSE;FALSE;FALSE;PERSON;OTHER;FALSE
[(Ahok:)-(waktu silam)];FALSE;FALSE;FALSE;FALSE;FALSE;FALSE;FALSE;PERSON;OTHER;FALSE
[(Ahok:)-(mana guru dan murid)];FALSE;FALSE;FALSE;FALSE;FALSE;FALSE;FALSE;PERSON;OTHER;FALSE
[(Ahok:)-(interaksi)];FALSE;FALSE;FALSE;FALSE;FALSE;FALSE;FALSE;PERSON;OTHER;FALSE
"[(Ahok:)-(Murid)]""";FALSE;FALSE;FALSE;FALSE;FALSE;FALSE;FALSE;PERSON;OTHER;FALSE
[(Ahok:)-(potensi diri)];FALSE;FALSE;FALSE;FALSE;FALSE;FALSE;FALSE;PERSON;OTHER;FALSE
[(Ahok:)-(UN tetap)];FALSE;FALSE;FALSE;FALSE;FALSE;FALSE;FALSE;PERSON;ORGANIZATION;FALSE
[(Ahok:)-(sekolahnya)];FALSE;FALSE;FALSE;FALSE;FALSE;FALSE;FALSE;PERSON;OTHER;FALSE
[(Ahok:)-(Semua murid)];FALSE;FALSE;FALSE;FALSE;FALSE;FALSE;FALSE;PERSON;OTHER;FALSE
[(Ahok:)-(bimbingan)];FALSE;FALSE;FALSE;FALSE;FALSE;FALSE;FALSE;PERSON;OTHER;FALSE
[(Ahok:)-(Ahok)];FALSE;FALSE;FALSE;FALSE;FALSE;FALSE;TRUE;PERSON;PERSON;TRUE
[(UN Sebaiknya Ditiadakan Wakil Gubernur DKI Jakarta Basuki Tjahaja Purnama)-(Ahok)];FALSE;TRUE;FALSE;FALSE;FALSE;TRUE;FALSE;ORGANIZATION;PERSON;FALSE
[(UN Sebaiknya Ditiadakan Wakil Gubernur DKI Jakarta Basuki Tjahaja Purnama)-(Ujian Nasional)];FALSE;TRUE;FALSE;FALSE;FALSE;TRUE;FALSE;ORGANIZATION;PERSON;FALSE
[(UN Sebaiknya Ditiadakan Wakil Gubernur DKI Jakarta Basuki Tjahaja Purnama)-((UN)];FALSE;TRUE;FALSE;FALSE;FALSE;TRUE;FALSE;ORGANIZATION;OTHER;FALSE
[(UN Sebaiknya Ditiadakan Wakil Gubernur DKI Jakarta Basuki Tjahaja Purnama)-(Pasalnya UN)];FALSE;TRUE;FALSE;FALSE;FALSE;FALSE;FALSE;ORGANIZATION;PERSON;FALSE
[(UN Sebaiknya Ditiadakan Wakil Gubernur DKI Jakarta Basuki Tjahaja Purnama)-(murid stres)];FALSE;TRUE;FALSE;FALSE;FALSE;FALSE;FALSE;ORGANIZATION;OTHER;FALSE
"[(UN Sebaiknya Ditiadakan Wakil Gubernur DKI Jakarta Basuki Tjahaja Purnama)-(Murid)]""";FALSE;FALSE;FALSE;FALSE;FALSE;FALSE;FALSE;ORGANIZATION;OTHER;FALSE
[(UN Sebaiknya Ditiadakan Wakil Gubernur DKI Jakarta Basuki Tjahaja Purnama)-(sisi disiplinnya,)];FALSE;FALSE;FALSE;FALSE;FALSE;FALSE;FALSE;ORGANIZATION;OTHER;FALSE
"[(UN Sebaiknya Ditiadakan Wakil Gubernur DKI Jakarta Basuki Tjahaja Purnama)-(nilai UN,)]""";FALSE;FALSE;FALSE;FALSE;FALSE;FALSE;FALSE;ORGANIZATION;OTHER;FALSE
[(UN Sebaiknya Ditiadakan Wakil Gubernur DKI Jakarta Basuki Tjahaja Purnama)-(Ahok)];FALSE;TRUE;FALSE;FALSE;FALSE;FALSE;FALSE;ORGANIZATION;PERSON;FALSE
[(UN Sebaiknya Ditiadakan Wakil Gubernur DKI Jakarta Basuki Tjahaja Purnama)-(balai kota Jakarta,)];FALSE;FALSE;FALSE;FALSE;FALSE;FALSE;FALSE;ORGANIZATION;OTHER;FALSE
[(UN Sebaiknya Ditiadakan Wakil Gubernur DKI Jakarta Basuki Tjahaja Purnama)-(Senin)];FALSE;TRUE;FALSE;FALSE;FALSE;FALSE;FALSE;ORGANIZATION;OTHER;FALSE
[(UN Sebaiknya Ditiadakan Wakil Gubernur DKI Jakarta Basuki Tjahaja Purnama)-(stres)];FALSE;TRUE;FALSE;FALSE;FALSE;FALSE;FALSE;ORGANIZATION;OTHER;FALSE
[(UN Sebaiknya Ditiadakan Wakil Gubernur DKI Jakarta Basuki Tjahaja Purnama)-(Ahok)];FALSE;TRUE;FALSE;FALSE;FALSE;FALSE;FALSE;ORGANIZATION;PERSON;FALSE
[(UN Sebaiknya Ditiadakan Wakil Gubernur DKI Jakarta Basuki Tjahaja Purnama)-(murid)];FALSE;TRUE;FALSE;FALSE;FALSE;FALSE;FALSE;ORGANIZATION;OTHER;FALSE
[(UN Sebaiknya Ditiadakan Wakil Gubernur DKI Jakarta Basuki Tjahaja Purnama)-(dukun)];FALSE;TRUE;FALSE;FALSE;FALSE;FALSE;FALSE;ORGANIZATION;OTHER;FALSE
[(UN Sebaiknya Ditiadakan Wakil Gubernur DKI Jakarta Basuki Tjahaja Purnama)-(doa)];FALSE;TRUE;FALSE;FALSE;FALSE;FALSE;FALSE;ORGANIZATION;OTHER;FALSE
[(UN Sebaiknya Ditiadakan Wakil Gubernur DKI Jakarta Basuki Tjahaja Purnama)-(Mantan Bupati Belitung)];FALSE;TRUE;FALSE;FALSE;FALSE;FALSE;FALSE;ORGANIZATION;PERSON;FALSE
[(UN Sebaiknya Ditiadakan Wakil Gubernur DKI Jakarta Basuki Tjahaja Purnama)-(UN)];FALSE;TRUE;FALSE;FALSE;FALSE;FALSE;TRUE;ORGANIZATION;ORGANIZATION;FALSE
[(UN Sebaiknya Ditiadakan Wakil Gubernur DKI Jakarta Basuki Tjahaja Purnama)-(peserta)];FALSE;TRUE;FALSE;FALSE;FALSE;FALSE;FALSE;ORGANIZATION;OTHER;FALSE
[(UN Sebaiknya Ditiadakan Wakil Gubernur DKI Jakarta Basuki Tjahaja Purnama)-(sebuah karakter)];FALSE;TRUE;FALSE;FALSE;FALSE;FALSE;FALSE;ORGANIZATION;OTHER;FALSE
"[(UN Sebaiknya Ditiadakan Wakil Gubernur DKI Jakarta Basuki Tjahaja Purnama)-(Memangnya)]""";FALSE;FALSE;FALSE;FALSE;FALSE;FALSE;FALSE;ORGANIZATION;OTHER;FALSE
[(UN Sebaiknya Ditiadakan Wakil Gubernur DKI Jakarta Basuki Tjahaja Purnama)-(jaminan)];FALSE;TRUE;FALSE;FALSE;FALSE;FALSE;FALSE;ORGANIZATION;OTHER;FALSE
[(UN Sebaiknya Ditiadakan Wakil Gubernur DKI Jakarta Basuki Tjahaja Purnama)-(nilai UN bagus)];FALSE;TRUE;FALSE;FALSE;FALSE;FALSE;FALSE;ORGANIZATION;OTHER;FALSE
[(UN Sebaiknya Ditiadakan Wakil Gubernur DKI Jakarta Basuki Tjahaja Purnama)-(karakter)];FALSE;TRUE;FALSE;FALSE;FALSE;FALSE;FALSE;ORGANIZATION;OTHER;FALSE
[(UN Sebaiknya Ditiadakan Wakil Gubernur DKI Jakarta Basuki Tjahaja Purnama)-(bagus?)];FALSE;TRUE;FALSE;FALSE;FALSE;FALSE;FALSE;ORGANIZATION;OTHER;FALSE
[(UN Sebaiknya Ditiadakan Wakil Gubernur DKI Jakarta Basuki Tjahaja Purnama)-(kerja?)];FALSE;TRUE;FALSE;FALSE;FALSE;FALSE;FALSE;ORGANIZATION;OTHER;FALSE
[(UN Sebaiknya Ditiadakan Wakil Gubernur DKI Jakarta Basuki Tjahaja Purnama)-(Bisa teguh)];FALSE;TRUE;FALSE;FALSE;FALSE;FALSE;FALSE;ORGANIZATION;OTHER;FALSE
[(UN Sebaiknya Ditiadakan Wakil Gubernur DKI Jakarta Basuki Tjahaja Purnama)-(kesulitan?)];FALSE;TRUE;FALSE;FALSE;FALSE;FALSE;FALSE;ORGANIZATION;OTHER;FALSE
[(UN Sebaiknya Ditiadakan Wakil Gubernur DKI Jakarta Basuki Tjahaja Purnama)-(tegas Ahok)];FALSE;TRUE;FALSE;FALSE;FALSE;FALSE;FALSE;ORGANIZATION;OTHER;FALSE
[(UN Sebaiknya Ditiadakan Wakil Gubernur DKI Jakarta Basuki Tjahaja Purnama)-(Ahok)];FALSE;TRUE;FALSE;FALSE;FALSE;FALSE;FALSE;ORGANIZATION;PERSON;FALSE
[(UN Sebaiknya Ditiadakan Wakil Gubernur DKI Jakarta Basuki Tjahaja Purnama)-(kegiatan)];FALSE;TRUE;FALSE;FALSE;FALSE;FALSE;FALSE;ORGANIZATION;OTHER;FALSE
[(UN Sebaiknya Ditiadakan Wakil Gubernur DKI Jakarta Basuki Tjahaja Purnama)-(waktu silam)];FALSE;TRUE;FALSE;FALSE;FALSE;FALSE;FALSE;ORGANIZATION;OTHER;FALSE
[(UN Sebaiknya Ditiadakan Wakil Gubernur DKI Jakarta Basuki Tjahaja Purnama)-(mana guru dan murid)];FALSE;TRUE;FALSE;FALSE;FALSE;FALSE;FALSE;ORGANIZATION;OTHER;FALSE
[(UN Sebaiknya Ditiadakan Wakil Gubernur DKI Jakarta Basuki Tjahaja Purnama)-(interaksi)];FALSE;TRUE;FALSE;FALSE;FALSE;FALSE;FALSE;ORGANIZATION;OTHER;FALSE
"[(UN Sebaiknya Ditiadakan Wakil Gubernur DKI Jakarta Basuki Tjahaja Purnama)-(Murid)]""";FALSE;FALSE;FALSE;FALSE;FALSE;FALSE;FALSE;ORGANIZATION;OTHER;FALSE
[(UN Sebaiknya Ditiadakan Wakil Gubernur DKI Jakarta Basuki Tjahaja Purnama)-(potensi diri)];FALSE;TRUE;FALSE;FALSE;FALSE;FALSE;FALSE;ORGANIZATION;OTHER;FALSE
[(UN Sebaiknya Ditiadakan Wakil Gubernur DKI Jakarta Basuki Tjahaja Purnama)-(UN tetap)];FALSE;TRUE;FALSE;FALSE;FALSE;FALSE;FALSE;ORGANIZATION;ORGANIZATION;FALSE
[(UN Sebaiknya Ditiadakan Wakil Gubernur DKI Jakarta Basuki Tjahaja Purnama)-(sekolahnya)];FALSE;TRUE;FALSE;FALSE;FALSE;FALSE;FALSE;ORGANIZATION;OTHER;FALSE
[(UN Sebaiknya Ditiadakan Wakil Gubernur DKI Jakarta Basuki Tjahaja Purnama)-(Semua murid)];FALSE;TRUE;FALSE;FALSE;FALSE;FALSE;FALSE;ORGANIZATION;OTHER;FALSE
[(UN Sebaiknya Ditiadakan Wakil Gubernur DKI Jakarta Basuki Tjahaja Purnama)-(bimbingan)];FALSE;TRUE;FALSE;FALSE;FALSE;FALSE;FALSE;ORGANIZATION;OTHER;FALSE
[(UN Sebaiknya Ditiadakan Wakil Gubernur DKI Jakarta Basuki Tjahaja Purnama)-(Ahok)];FALSE;TRUE;FALSE;FALSE;FALSE;FALSE;FALSE;ORGANIZATION;PERSON;FALSE
[(Ahok)-(Ujian Nasional)];FALSE;TRUE;FALSE;FALSE;FALSE;TRUE;FALSE;PERSON;PERSON;FALSE
[(Ahok)-((UN)];FALSE;TRUE;FALSE;FALSE;FALSE;TRUE;FALSE;PERSON;OTHER;FALSE
[(Ahok)-(Pasalnya UN)];FALSE;TRUE;FALSE;FALSE;FALSE;FALSE;FALSE;PERSON;PERSON;FALSE
[(Ahok)-(murid stres)];FALSE;TRUE;FALSE;FALSE;FALSE;FALSE;FALSE;PERSON;OTHER;FALSE
"[(Ahok)-(Murid)]""";FALSE;FALSE;FALSE;FALSE;FALSE;FALSE;FALSE;PERSON;OTHER;FALSE
[(Ahok)-(sisi disiplinnya,)];FALSE;FALSE;FALSE;FALSE;FALSE;FALSE;FALSE;PERSON;OTHER;FALSE
"[(Ahok)-(nilai UN,)]""";FALSE;FALSE;FALSE;FALSE;FALSE;FALSE;FALSE;PERSON;OTHER;FALSE
[(Ahok)-(Ahok)];TRUE;TRUE;FALSE;FALSE;FALSE;FALSE;TRUE;PERSON;PERSON;TRUE
[(Ahok)-(balai kota Jakarta,)];FALSE;FALSE;FALSE;FALSE;FALSE;FALSE;FALSE;PERSON;OTHER;FALSE
[(Ahok)-(Senin)];FALSE;TRUE;FALSE;FALSE;FALSE;FALSE;FALSE;PERSON;OTHER;FALSE
[(Ahok)-(stres)];FALSE;TRUE;FALSE;FALSE;FALSE;FALSE;FALSE;PERSON;OTHER;FALSE
[(Ahok)-(Ahok)];TRUE;TRUE;FALSE;FALSE;FALSE;FALSE;TRUE;PERSON;PERSON;TRUE
[(Ahok)-(murid)];FALSE;TRUE;FALSE;FALSE;FALSE;FALSE;FALSE;PERSON;OTHER;FALSE
[(Ahok)-(dukun)];FALSE;TRUE;FALSE;FALSE;FALSE;FALSE;FALSE;PERSON;OTHER;FALSE
[(Ahok)-(doa)];FALSE;TRUE;FALSE;FALSE;FALSE;FALSE;FALSE;PERSON;OTHER;FALSE
[(Ahok)-(Mantan Bupati Belitung)];FALSE;TRUE;FALSE;FALSE;FALSE;FALSE;FALSE;PERSON;PERSON;TRUE
[(Ahok)-(UN)];FALSE;TRUE;FALSE;FALSE;FALSE;FALSE;FALSE;PERSON;ORGANIZATION;FALSE
[(Ahok)-(peserta)];FALSE;TRUE;FALSE;FALSE;FALSE;FALSE;FALSE;PERSON;OTHER;FALSE
[(Ahok)-(sebuah karakter)];FALSE;TRUE;FALSE;FALSE;FALSE;FALSE;FALSE;PERSON;OTHER;FALSE
"[(Ahok)-(Memangnya)]""";FALSE;FALSE;FALSE;FALSE;FALSE;FALSE;FALSE;PERSON;OTHER;FALSE
[(Ahok)-(jaminan)];FALSE;TRUE;FALSE;FALSE;FALSE;FALSE;FALSE;PERSON;OTHER;FALSE
[(Ahok)-(nilai UN bagus)];FALSE;TRUE;FALSE;FALSE;FALSE;FALSE;FALSE;PERSON;OTHER;FALSE
[(Ahok)-(karakter)];FALSE;TRUE;FALSE;FALSE;FALSE;FALSE;FALSE;PERSON;OTHER;FALSE
[(Ahok)-(bagus?)];FALSE;TRUE;FALSE;FALSE;FALSE;FALSE;FALSE;PERSON;OTHER;FALSE
[(Ahok)-(kerja?)];FALSE;TRUE;FALSE;FALSE;FALSE;FALSE;FALSE;PERSON;OTHER;FALSE
[(Ahok)-(Bisa teguh)];FALSE;TRUE;FALSE;FALSE;FALSE;FALSE;FALSE;PERSON;OTHER;FALSE
[(Ahok)-(kesulitan?)];FALSE;TRUE;FALSE;FALSE;FALSE;FALSE;FALSE;PERSON;OTHER;FALSE
[(Ahok)-(tegas Ahok)];FALSE;TRUE;FALSE;FALSE;FALSE;FALSE;TRUE;PERSON;OTHER;FALSE
[(Ahok)-(Ahok)];TRUE;TRUE;FALSE;FALSE;FALSE;FALSE;TRUE;PERSON;PERSON;TRUE
[(Ahok)-(kegiatan)];FALSE;TRUE;FALSE;FALSE;FALSE;FALSE;FALSE;PERSON;OTHER;FALSE
[(Ahok)-(waktu silam)];FALSE;TRUE;FALSE;FALSE;FALSE;FALSE;FALSE;PERSON;OTHER;FALSE
[(Ahok)-(mana guru dan murid)];FALSE;TRUE;FALSE;FALSE;FALSE;FALSE;FALSE;PERSON;OTHER;FALSE
[(Ahok)-(interaksi)];FALSE;TRUE;FALSE;FALSE;FALSE;FALSE;FALSE;PERSON;OTHER;FALSE
"[(Ahok)-(Murid)]""";FALSE;FALSE;FALSE;FALSE;FALSE;FALSE;FALSE;PERSON;OTHER;FALSE
[(Ahok)-(potensi diri)];FALSE;TRUE;FALSE;FALSE;FALSE;FALSE;FALSE;PERSON;OTHER;FALSE
[(Ahok)-(UN tetap)];FALSE;TRUE;FALSE;FALSE;FALSE;FALSE;FALSE;PERSON;ORGANIZATION;FALSE
[(Ahok)-(sekolahnya)];FALSE;TRUE;FALSE;FALSE;FALSE;FALSE;FALSE;PERSON;OTHER;FALSE
[(Ahok)-(Semua murid)];FALSE;TRUE;FALSE;FALSE;FALSE;FALSE;FALSE;PERSON;OTHER;FALSE
[(Ahok)-(bimbingan)];FALSE;TRUE;FALSE;FALSE;FALSE;FALSE;FALSE;PERSON;OTHER;FALSE
[(Ahok)-(Ahok)];TRUE;TRUE;FALSE;FALSE;FALSE;FALSE;TRUE;PERSON;PERSON;TRUE
[(Ujian Nasional)-((UN)];FALSE;TRUE;FALSE;FALSE;FALSE;TRUE;FALSE;PERSON;OTHER;TRUE
[(Ujian Nasional)-(Pasalnya UN)];FALSE;TRUE;FALSE;FALSE;FALSE;FALSE;FALSE;PERSON;PERSON;FALSE
[(Ujian Nasional)-(murid stres)];FALSE;TRUE;FALSE;FALSE;FALSE;FALSE;FALSE;PERSON;OTHER;FALSE
"[(Ujian Nasional)-(Murid)]""";FALSE;FALSE;FALSE;FALSE;FALSE;FALSE;FALSE;PERSON;OTHER;FALSE
[(Ujian Nasional)-(sisi disiplinnya,)];FALSE;FALSE;FALSE;FALSE;FALSE;FALSE;FALSE;PERSON;OTHER;FALSE
"[(Ujian Nasional)-(nilai UN,)]""";FALSE;FALSE;FALSE;FALSE;FALSE;FALSE;FALSE;PERSON;OTHER;FALSE
[(Ujian Nasional)-(Ahok)];FALSE;TRUE;FALSE;FALSE;FALSE;FALSE;FALSE;PERSON;PERSON;FALSE
[(Ujian Nasional)-(balai kota Jakarta,)];FALSE;FALSE;FALSE;FALSE;FALSE;FALSE;FALSE;PERSON;OTHER;FALSE
[(Ujian Nasional)-(Senin)];FALSE;TRUE;FALSE;FALSE;FALSE;FALSE;FALSE;PERSON;OTHER;FALSE
[(Ujian Nasional)-(stres)];FALSE;TRUE;FALSE;FALSE;FALSE;FALSE;FALSE;PERSON;OTHER;FALSE
[(Ujian Nasional)-(Ahok)];FALSE;TRUE;FALSE;FALSE;FALSE;FALSE;FALSE;PERSON;PERSON;FALSE
[(Ujian Nasional)-(murid)];FALSE;TRUE;FALSE;FALSE;FALSE;FALSE;FALSE;PERSON;OTHER;FALSE
[(Ujian Nasional)-(dukun)];FALSE;TRUE;FALSE;FALSE;FALSE;FALSE;FALSE;PERSON;OTHER;FALSE
[(Ujian Nasional)-(doa)];FALSE;TRUE;FALSE;FALSE;FALSE;FALSE;FALSE;PERSON;OTHER;FALSE
[(Ujian Nasional)-(Mantan Bupati Belitung)];FALSE;TRUE;FALSE;FALSE;FALSE;FALSE;FALSE;PERSON;PERSON;FALSE
[(Ujian Nasional)-(UN)];FALSE;TRUE;TRUE;FALSE;FALSE;FALSE;FALSE;PERSON;ORGANIZATION;TRUE
[(Ujian Nasional)-(peserta)];FALSE;TRUE;FALSE;FALSE;FALSE;FALSE;FALSE;PERSON;OTHER;FALSE
[(Ujian Nasional)-(sebuah karakter)];FALSE;TRUE;FALSE;FALSE;FALSE;FALSE;FALSE;PERSON;OTHER;FALSE
"[(Ujian Nasional)-(Memangnya)]""";FALSE;FALSE;FALSE;FALSE;FALSE;FALSE;FALSE;PERSON;OTHER;FALSE
[(Ujian Nasional)-(jaminan)];FALSE;TRUE;FALSE;FALSE;FALSE;FALSE;FALSE;PERSON;OTHER;FALSE
[(Ujian Nasional)-(nilai UN bagus)];FALSE;TRUE;FALSE;FALSE;FALSE;FALSE;FALSE;PERSON;OTHER;FALSE
[(Ujian Nasional)-(karakter)];FALSE;TRUE;FALSE;FALSE;FALSE;FALSE;FALSE;PERSON;OTHER;FALSE
[(Ujian Nasional)-(bagus?)];FALSE;TRUE;FALSE;FALSE;FALSE;FALSE;FALSE;PERSON;OTHER;FALSE
[(Ujian Nasional)-(kerja?)];FALSE;TRUE;FALSE;FALSE;FALSE;FALSE;FALSE;PERSON;OTHER;FALSE
[(Ujian Nasional)-(Bisa teguh)];FALSE;TRUE;FALSE;FALSE;FALSE;FALSE;FALSE;PERSON;OTHER;FALSE
[(Ujian Nasional)-(kesulitan?)];FALSE;TRUE;FALSE;FALSE;FALSE;FALSE;FALSE;PERSON;OTHER;FALSE
[(Ujian Nasional)-(tegas Ahok)];FALSE;TRUE;FALSE;FALSE;FALSE;FALSE;FALSE;PERSON;OTHER;FALSE
[(Ujian Nasional)-(Ahok)];FALSE;TRUE;FALSE;FALSE;FALSE;FALSE;FALSE;PERSON;PERSON;FALSE
[(Ujian Nasional)-(kegiatan)];FALSE;TRUE;FALSE;FALSE;FALSE;FALSE;FALSE;PERSON;OTHER;FALSE
[(Ujian Nasional)-(waktu silam)];FALSE;TRUE;FALSE;FALSE;FALSE;FALSE;FALSE;PERSON;OTHER;FALSE
[(Ujian Nasional)-(mana guru dan murid)];FALSE;TRUE;FALSE;FALSE;FALSE;FALSE;FALSE;PERSON;OTHER;FALSE
[(Ujian Nasional)-(interaksi)];FALSE;TRUE;FALSE;FALSE;FALSE;FALSE;FALSE;PERSON;OTHER;FALSE
"[(Ujian Nasional)-(Murid)]""";FALSE;FALSE;FALSE;FALSE;FALSE;FALSE;FALSE;PERSON;OTHER;FALSE
[(Ujian Nasional)-(potensi diri)];FALSE;TRUE;FALSE;FALSE;FALSE;FALSE;FALSE;PERSON;OTHER;FALSE
[(Ujian Nasional)-(UN tetap)];FALSE;TRUE;FALSE;FALSE;FALSE;FALSE;FALSE;PERSON;ORGANIZATION;FALSE
[(Ujian Nasional)-(sekolahnya)];FALSE;TRUE;FALSE;FALSE;FALSE;FALSE;FALSE;PERSON;OTHER;FALSE
[(Ujian Nasional)-(Semua murid)];FALSE;TRUE;FALSE;FALSE;FALSE;FALSE;FALSE;PERSON;OTHER;FALSE
[(Ujian Nasional)-(bimbingan)];FALSE;TRUE;FALSE;FALSE;FALSE;FALSE;FALSE;PERSON;OTHER;FALSE
[(Ujian Nasional)-(Ahok)];FALSE;TRUE;FALSE;FALSE;FALSE;FALSE;FALSE;PERSON;PERSON;FALSE
[((UN)-(Pasalnya UN)];FALSE;TRUE;FALSE;FALSE;FALSE;FALSE;FALSE;OTHER;PERSON;FALSE
[((UN)-(murid stres)];FALSE;TRUE;FALSE;FALSE;FALSE;FALSE;FALSE;OTHER;OTHER;FALSE
"[((UN)-(Murid)]""";FALSE;FALSE;FALSE;FALSE;FALSE;FALSE;FALSE;OTHER;OTHER;FALSE
[((UN)-(sisi disiplinnya,)];FALSE;FALSE;FALSE;FALSE;FALSE;FALSE;FALSE;OTHER;OTHER;FALSE
"[((UN)-(nilai UN,)]""";FALSE;FALSE;FALSE;FALSE;FALSE;FALSE;FALSE;OTHER;OTHER;FALSE
[((UN)-(Ahok)];FALSE;TRUE;FALSE;FALSE;FALSE;FALSE;FALSE;OTHER;PERSON;FALSE
[((UN)-(balai kota Jakarta,)];FALSE;FALSE;FALSE;FALSE;FALSE;FALSE;FALSE;OTHER;OTHER;FALSE
[((UN)-(Senin)];FALSE;TRUE;FALSE;FALSE;FALSE;FALSE;FALSE;OTHER;OTHER;FALSE
[((UN)-(stres)];FALSE;TRUE;FALSE;FALSE;FALSE;FALSE;FALSE;OTHER;OTHER;FALSE
[((UN)-(Ahok)];FALSE;TRUE;FALSE;FALSE;FALSE;FALSE;FALSE;OTHER;PERSON;FALSE
[((UN)-(murid)];FALSE;TRUE;FALSE;FALSE;FALSE;FALSE;FALSE;OTHER;OTHER;FALSE
[((UN)-(dukun)];FALSE;TRUE;FALSE;FALSE;FALSE;FALSE;FALSE;OTHER;OTHER;FALSE
[((UN)-(doa)];FALSE;TRUE;FALSE;FALSE;FALSE;FALSE;FALSE;OTHER;OTHER;FALSE
[((UN)-(Mantan Bupati Belitung)];FALSE;TRUE;FALSE;FALSE;FALSE;FALSE;FALSE;OTHER;PERSON;FALSE
[((UN)-(UN)];FALSE;TRUE;FALSE;FALSE;FALSE;FALSE;TRUE;OTHER;ORGANIZATION;TRUE
[((UN)-(peserta)];FALSE;TRUE;FALSE;FALSE;FALSE;FALSE;FALSE;OTHER;OTHER;FALSE
[((UN)-(sebuah karakter)];FALSE;TRUE;FALSE;FALSE;FALSE;FALSE;FALSE;OTHER;OTHER;FALSE
"[((UN)-(Memangnya)]""";FALSE;FALSE;FALSE;FALSE;FALSE;FALSE;FALSE;OTHER;OTHER;FALSE
[((UN)-(jaminan)];FALSE;TRUE;FALSE;FALSE;FALSE;FALSE;FALSE;OTHER;OTHER;FALSE
[((UN)-(nilai UN bagus)];FALSE;TRUE;FALSE;FALSE;FALSE;FALSE;FALSE;OTHER;OTHER;FALSE
[((UN)-(karakter)];FALSE;TRUE;FALSE;FALSE;FALSE;FALSE;FALSE;OTHER;OTHER;FALSE
[((UN)-(bagus?)];FALSE;TRUE;FALSE;FALSE;FALSE;FALSE;FALSE;OTHER;OTHER;FALSE
[((UN)-(kerja?)];FALSE;TRUE;FALSE;FALSE;FALSE;FALSE;FALSE;OTHER;OTHER;FALSE
[((UN)-(Bisa teguh)];FALSE;TRUE;FALSE;FALSE;FALSE;FALSE;FALSE;OTHER;OTHER;FALSE
[((UN)-(kesulitan?)];FALSE;TRUE;FALSE;FALSE;FALSE;FALSE;FALSE;OTHER;OTHER;FALSE
[((UN)-(tegas Ahok)];FALSE;TRUE;FALSE;FALSE;FALSE;FALSE;FALSE;OTHER;OTHER;FALSE
[((UN)-(Ahok)];FALSE;TRUE;FALSE;FALSE;FALSE;FALSE;FALSE;OTHER;PERSON;FALSE
[((UN)-(kegiatan)];FALSE;TRUE;FALSE;FALSE;FALSE;FALSE;FALSE;OTHER;OTHER;FALSE
[((UN)-(waktu silam)];FALSE;TRUE;FALSE;FALSE;FALSE;FALSE;FALSE;OTHER;OTHER;FALSE
[((UN)-(mana guru dan murid)];FALSE;TRUE;FALSE;FALSE;FALSE;FALSE;FALSE;OTHER;OTHER;FALSE
[((UN)-(interaksi)];FALSE;TRUE;FALSE;FALSE;FALSE;FALSE;FALSE;OTHER;OTHER;FALSE
"[((UN)-(Murid)]""";FALSE;FALSE;FALSE;FALSE;FALSE;FALSE;FALSE;OTHER;OTHER;FALSE
[((UN)-(potensi diri)];FALSE;TRUE;FALSE;FALSE;FALSE;FALSE;FALSE;OTHER;OTHER;FALSE
[((UN)-(UN tetap)];FALSE;TRUE;FALSE;FALSE;FALSE;FALSE;FALSE;OTHER;ORGANIZATION;FALSE
[((UN)-(sekolahnya)];FALSE;TRUE;FALSE;FALSE;FALSE;FALSE;FALSE;OTHER;OTHER;FALSE
[((UN)-(Semua murid)];FALSE;TRUE;FALSE;FALSE;FALSE;FALSE;FALSE;OTHER;OTHER;FALSE
[((UN)-(bimbingan)];FALSE;TRUE;FALSE;FALSE;FALSE;FALSE;FALSE;OTHER;OTHER;FALSE
[((UN)-(Ahok)];FALSE;TRUE;FALSE;FALSE;FALSE;FALSE;FALSE;OTHER;PERSON;FALSE
[(Pasalnya UN)-(murid stres)];FALSE;TRUE;FALSE;FALSE;FALSE;TRUE;FALSE;PERSON;OTHER;FALSE
"[(Pasalnya UN)-(Murid)]""";FALSE;FALSE;FALSE;FALSE;FALSE;FALSE;FALSE;PERSON;OTHER;FALSE
[(Pasalnya UN)-(sisi disiplinnya,)];FALSE;FALSE;FALSE;FALSE;FALSE;FALSE;FALSE;PERSON;OTHER;FALSE
"[(Pasalnya UN)-(nilai UN,)]""";FALSE;FALSE;FALSE;FALSE;FALSE;FALSE;FALSE;PERSON;OTHER;FALSE
[(Pasalnya UN)-(Ahok)];FALSE;TRUE;FALSE;FALSE;FALSE;FALSE;FALSE;PERSON;PERSON;FALSE
[(Pasalnya UN)-(balai kota Jakarta,)];FALSE;FALSE;FALSE;FALSE;FALSE;FALSE;FALSE;PERSON;OTHER;FALSE
[(Pasalnya UN)-(Senin)];FALSE;TRUE;FALSE;FALSE;FALSE;FALSE;FALSE;PERSON;OTHER;FALSE
[(Pasalnya UN)-(stres)];FALSE;TRUE;FALSE;FALSE;FALSE;FALSE;FALSE;PERSON;OTHER;FALSE
[(Pasalnya UN)-(Ahok)];FALSE;TRUE;FALSE;FALSE;FALSE;FALSE;FALSE;PERSON;PERSON;FALSE
[(Pasalnya UN)-(murid)];FALSE;TRUE;FALSE;FALSE;FALSE;FALSE;FALSE;PERSON;OTHER;FALSE
[(Pasalnya UN)-(dukun)];FALSE;TRUE;FALSE;FALSE;FALSE;FALSE;FALSE;PERSON;OTHER;FALSE
[(Pasalnya UN)-(doa)];FALSE;TRUE;FALSE;FALSE;FALSE;FALSE;FALSE;PERSON;OTHER;FALSE
[(Pasalnya UN)-(Mantan Bupati Belitung)];FALSE;TRUE;FALSE;FALSE;FALSE;FALSE;FALSE;PERSON;PERSON;FALSE
[(Pasalnya UN)-(UN)];FALSE;TRUE;FALSE;FALSE;FALSE;FALSE;TRUE;PERSON;ORGANIZATION;FALSE
[(Pasalnya UN)-(peserta)];FALSE;TRUE;FALSE;FALSE;FALSE;FALSE;FALSE;PERSON;OTHER;FALSE
[(Pasalnya UN)-(sebuah karakter)];FALSE;TRUE;FALSE;FALSE;FALSE;FALSE;FALSE;PERSON;OTHER;FALSE
"[(Pasalnya UN)-(Memangnya)]""";FALSE;FALSE;FALSE;FALSE;FALSE;FALSE;FALSE;PERSON;OTHER;FALSE
[(Pasalnya UN)-(jaminan)];FALSE;TRUE;FALSE;FALSE;FALSE;FALSE;FALSE;PERSON;OTHER;FALSE
[(Pasalnya UN)-(nilai UN bagus)];FALSE;TRUE;FALSE;FALSE;FALSE;FALSE;FALSE;PERSON;OTHER;FALSE
[(Pasalnya UN)-(karakter)];FALSE;TRUE;FALSE;FALSE;FALSE;FALSE;FALSE;PERSON;OTHER;FALSE
[(Pasalnya UN)-(bagus?)];FALSE;TRUE;FALSE;FALSE;FALSE;FALSE;FALSE;PERSON;OTHER;FALSE
[(Pasalnya UN)-(kerja?)];FALSE;TRUE;FALSE;FALSE;FALSE;FALSE;FALSE;PERSON;OTHER;FALSE
[(Pasalnya UN)-(Bisa teguh)];FALSE;TRUE;FALSE;FALSE;FALSE;FALSE;FALSE;PERSON;OTHER;FALSE
[(Pasalnya UN)-(kesulitan?)];FALSE;TRUE;FALSE;FALSE;FALSE;FALSE;FALSE;PERSON;OTHER;FALSE
[(Pasalnya UN)-(tegas Ahok)];FALSE;TRUE;FALSE;FALSE;FALSE;FALSE;FALSE;PERSON;OTHER;FALSE
[(Pasalnya UN)-(Ahok)];FALSE;TRUE;FALSE;FALSE;FALSE;FALSE;FALSE;PERSON;PERSON;FALSE
[(Pasalnya UN)-(kegiatan)];FALSE;TRUE;FALSE;FALSE;FALSE;FALSE;FALSE;PERSON;OTHER;FALSE
[(Pasalnya UN)-(waktu silam)];FALSE;TRUE;FALSE;FALSE;FALSE;FALSE;FALSE;PERSON;OTHER;FALSE
[(Pasalnya UN)-(mana guru dan murid)];FALSE;TRUE;FALSE;FALSE;FALSE;FALSE;FALSE;PERSON;OTHER;FALSE
[(Pasalnya UN)-(interaksi)];FALSE;TRUE;FALSE;FALSE;FALSE;FALSE;FALSE;PERSON;OTHER;FALSE
"[(Pasalnya UN)-(Murid)]""";FALSE;FALSE;FALSE;FALSE;FALSE;FALSE;FALSE;PERSON;OTHER;FALSE
[(Pasalnya UN)-(potensi diri)];FALSE;TRUE;FALSE;FALSE;FALSE;FALSE;FALSE;PERSON;OTHER;FALSE
[(Pasalnya UN)-(UN tetap)];FALSE;TRUE;FALSE;FALSE;FALSE;FALSE;FALSE;PERSON;ORGANIZATION;FALSE
[(Pasalnya UN)-(sekolahnya)];FALSE;TRUE;FALSE;FALSE;FALSE;FALSE;FALSE;PERSON;OTHER;FALSE
[(Pasalnya UN)-(Semua murid)];FALSE;TRUE;FALSE;FALSE;FALSE;FALSE;FALSE;PERSON;OTHER;FALSE
[(Pasalnya UN)-(bimbingan)];FALSE;TRUE;FALSE;FALSE;FALSE;FALSE;FALSE;PERSON;OTHER;FALSE
[(Pasalnya UN)-(Ahok)];FALSE;TRUE;FALSE;FALSE;FALSE;FALSE;FALSE;PERSON;PERSON;FALSE
"[(murid stres)-(Murid)]""";FALSE;FALSE;FALSE;FALSE;FALSE;FALSE;FALSE;OTHER;OTHER;FALSE
[(murid stres)-(sisi disiplinnya,)];FALSE;FALSE;FALSE;FALSE;FALSE;FALSE;FALSE;OTHER;OTHER;FALSE
"[(murid stres)-(nilai UN,)]""";FALSE;FALSE;FALSE;FALSE;FALSE;FALSE;FALSE;OTHER;OTHER;FALSE
[(murid stres)-(Ahok)];FALSE;TRUE;FALSE;FALSE;FALSE;FALSE;FALSE;OTHER;PERSON;FALSE
[(murid stres)-(balai kota Jakarta,)];FALSE;FALSE;FALSE;FALSE;FALSE;FALSE;FALSE;OTHER;OTHER;FALSE
[(murid stres)-(Senin)];FALSE;TRUE;FALSE;FALSE;FALSE;FALSE;FALSE;OTHER;OTHER;FALSE
[(murid stres)-(stres)];FALSE;TRUE;FALSE;FALSE;FALSE;FALSE;TRUE;OTHER;OTHER;FALSE
[(murid stres)-(Ahok)];FALSE;TRUE;FALSE;FALSE;FALSE;FALSE;FALSE;OTHER;PERSON;FALSE
[(murid stres)-(murid)];FALSE;TRUE;FALSE;FALSE;FALSE;FALSE;TRUE;OTHER;OTHER;FALSE
[(murid stres)-(dukun)];FALSE;TRUE;FALSE;FALSE;FALSE;FALSE;FALSE;OTHER;OTHER;FALSE
[(murid stres)-(doa)];FALSE;TRUE;FALSE;FALSE;FALSE;FALSE;FALSE;OTHER;OTHER;FALSE
[(murid stres)-(Mantan Bupati Belitung)];FALSE;TRUE;FALSE;FALSE;FALSE;FALSE;FALSE;OTHER;PERSON;FALSE
[(murid stres)-(UN)];FALSE;TRUE;FALSE;FALSE;FALSE;FALSE;FALSE;OTHER;ORGANIZATION;FALSE
[(murid stres)-(peserta)];FALSE;TRUE;FALSE;FALSE;FALSE;FALSE;FALSE;OTHER;OTHER;FALSE
[(murid stres)-(sebuah karakter)];FALSE;TRUE;FALSE;FALSE;FALSE;FALSE;FALSE;OTHER;OTHER;FALSE
"[(murid stres)-(Memangnya)]""";FALSE;FALSE;FALSE;FALSE;FALSE;FALSE;FALSE;OTHER;OTHER;FALSE
[(murid stres)-(jaminan)];FALSE;TRUE;FALSE;FALSE;FALSE;FALSE;FALSE;OTHER;OTHER;FALSE
[(murid stres)-(nilai UN bagus)];FALSE;TRUE;FALSE;FALSE;FALSE;FALSE;FALSE;OTHER;OTHER;FALSE
[(murid stres)-(karakter)];FALSE;TRUE;FALSE;FALSE;FALSE;FALSE;FALSE;OTHER;OTHER;FALSE
[(murid stres)-(bagus?)];FALSE;TRUE;FALSE;FALSE;FALSE;FALSE;FALSE;OTHER;OTHER;FALSE
[(murid stres)-(kerja?)];FALSE;TRUE;FALSE;FALSE;FALSE;FALSE;FALSE;OTHER;OTHER;FALSE
[(murid stres)-(Bisa teguh)];FALSE;TRUE;FALSE;FALSE;FALSE;FALSE;FALSE;OTHER;OTHER;FALSE
[(murid stres)-(kesulitan?)];FALSE;TRUE;FALSE;FALSE;FALSE;FALSE;FALSE;OTHER;OTHER;FALSE
[(murid stres)-(tegas Ahok)];FALSE;TRUE;FALSE;FALSE;FALSE;FALSE;FALSE;OTHER;OTHER;FALSE
[(murid stres)-(Ahok)];FALSE;TRUE;FALSE;FALSE;FALSE;FALSE;FALSE;OTHER;PERSON;FALSE
[(murid stres)-(kegiatan)];FALSE;TRUE;FALSE;FALSE;FALSE;FALSE;FALSE;OTHER;OTHER;FALSE
[(murid stres)-(waktu silam)];FALSE;TRUE;FALSE;FALSE;FALSE;FALSE;FALSE;OTHER;OTHER;FALSE
[(murid stres)-(mana guru dan murid)];FALSE;TRUE;FALSE;FALSE;FALSE;FALSE;FALSE;OTHER;OTHER;FALSE
[(murid stres)-(interaksi)];FALSE;TRUE;FALSE;FALSE;FALSE;FALSE;FALSE;OTHER;OTHER;FALSE
"[(murid stres)-(Murid)]""";FALSE;FALSE;FALSE;FALSE;FALSE;FALSE;FALSE;OTHER;OTHER;FALSE
[(murid stres)-(potensi diri)];FALSE;TRUE;FALSE;FALSE;FALSE;FALSE;FALSE;OTHER;OTHER;FALSE
[(murid stres)-(UN tetap)];FALSE;TRUE;FALSE;FALSE;FALSE;FALSE;FALSE;OTHER;ORGANIZATION;FALSE
[(murid stres)-(sekolahnya)];FALSE;TRUE;FALSE;FALSE;FALSE;FALSE;FALSE;OTHER;OTHER;FALSE
[(murid stres)-(Semua murid)];FALSE;TRUE;FALSE;FALSE;FALSE;FALSE;FALSE;OTHER;OTHER;FALSE
[(murid stres)-(bimbingan)];FALSE;TRUE;FALSE;FALSE;FALSE;FALSE;FALSE;OTHER;OTHER;FALSE
[(murid stres)-(Ahok)];FALSE;TRUE;FALSE;FALSE;FALSE;FALSE;FALSE;OTHER;PERSON;FALSE
"[(Murid)-(sisi disiplinnya,)]""";FALSE;FALSE;FALSE;FALSE;FALSE;TRUE;FALSE;OTHER;OTHER;FALSE
"[(Murid)-(nilai UN,"")]""";FALSE;FALSE;FALSE;FALSE;FALSE;TRUE;FALSE;OTHER;OTHER;FALSE
"[(Murid)-(Ahok)]""";FALSE;FALSE;FALSE;FALSE;FALSE;TRUE;FALSE;OTHER;PERSON;FALSE
"[(Murid)-(balai kota Jakarta,)]""";FALSE;FALSE;FALSE;FALSE;FALSE;TRUE;FALSE;OTHER;OTHER;FALSE
"[(Murid)-(Senin)]""";FALSE;FALSE;FALSE;FALSE;FALSE;TRUE;FALSE;OTHER;OTHER;FALSE
"[(Murid)-(stres)]""";FALSE;FALSE;FALSE;FALSE;FALSE;FALSE;FALSE;OTHER;OTHER;FALSE
"[(Murid)-(Ahok)]""";FALSE;FALSE;FALSE;FALSE;FALSE;FALSE;FALSE;OTHER;PERSON;FALSE
"[(Murid)-(murid)]""";FALSE;FALSE;FALSE;FALSE;FALSE;FALSE;FALSE;OTHER;OTHER;FALSE
"[(Murid)-(dukun)]""";FALSE;FALSE;FALSE;FALSE;FALSE;FALSE;FALSE;OTHER;OTHER;FALSE
"[(Murid)-(doa)]""";FALSE;FALSE;FALSE;FALSE;FALSE;FALSE;FALSE;OTHER;OTHER;FALSE
"[(Murid)-(Mantan Bupati Belitung)]""";FALSE;FALSE;FALSE;FALSE;FALSE;FALSE;FALSE;OTHER;PERSON;FALSE
"[(Murid)-(UN)]""";FALSE;FALSE;FALSE;FALSE;FALSE;FALSE;FALSE;OTHER;ORGANIZATION;FALSE
"[(Murid)-(peserta)]""";FALSE;FALSE;FALSE;FALSE;FALSE;FALSE;FALSE;OTHER;OTHER;FALSE
"[(Murid)-(sebuah karakter)]""";FALSE;FALSE;FALSE;FALSE;FALSE;FALSE;FALSE;OTHER;OTHER;FALSE
"[(Murid)-(""Memangnya)]""";FALSE;FALSE;FALSE;FALSE;FALSE;FALSE;FALSE;OTHER;OTHER;FALSE
"[(Murid)-(jaminan)]""";FALSE;FALSE;FALSE;FALSE;FALSE;FALSE;FALSE;OTHER;OTHER;FALSE
"[(Murid)-(nilai UN bagus)]""";FALSE;FALSE;FALSE;FALSE;FALSE;FALSE;FALSE;OTHER;OTHER;FALSE
"[(Murid)-(karakter)]""";FALSE;FALSE;FALSE;FALSE;FALSE;FALSE;FALSE;OTHER;OTHER;FALSE
"[(Murid)-(bagus?)]""";FALSE;FALSE;FALSE;FALSE;FALSE;FALSE;FALSE;OTHER;OTHER;FALSE
"[(Murid)-(kerja?)]""";FALSE;FALSE;FALSE;FALSE;FALSE;FALSE;FALSE;OTHER;OTHER;FALSE
"[(Murid)-(Bisa teguh)]""";FALSE;FALSE;FALSE;FALSE;FALSE;FALSE;FALSE;OTHER;OTHER;FALSE
"[(Murid)-(kesulitan?)]""";FALSE;FALSE;FALSE;FALSE;FALSE;FALSE;FALSE;OTHER;OTHER;FALSE
"[(Murid)-(tegas Ahok)]""";FALSE;FALSE;FALSE;FALSE;FALSE;FALSE;FALSE;OTHER;OTHER;FALSE
"[(Murid)-(Ahok)]""";FALSE;FALSE;FALSE;FALSE;FALSE;FALSE;FALSE;OTHER;PERSON;FALSE
"[(Murid)-(kegiatan)]""";FALSE;FALSE;FALSE;FALSE;FALSE;FALSE;FALSE;OTHER;OTHER;FALSE
"[(Murid)-(waktu silam)]""";FALSE;FALSE;FALSE;FALSE;FALSE;FALSE;FALSE;OTHER;OTHER;FALSE
"[(Murid)-(mana guru dan murid)]""";FALSE;FALSE;FALSE;FALSE;FALSE;FALSE;FALSE;OTHER;OTHER;FALSE
"[(Murid)-(interaksi)]""";FALSE;FALSE;FALSE;FALSE;FALSE;FALSE;FALSE;OTHER;OTHER;FALSE
"[(Murid)-(""Murid)]""";TRUE;FALSE;FALSE;FALSE;FALSE;FALSE;TRUE;OTHER;OTHER;TRUE
"[(Murid)-(potensi diri)]""";FALSE;FALSE;FALSE;FALSE;FALSE;FALSE;FALSE;OTHER;OTHER;FALSE
"[(Murid)-(UN tetap)]""";FALSE;FALSE;FALSE;FALSE;FALSE;FALSE;FALSE;OTHER;ORGANIZATION;FALSE
"[(Murid)-(sekolahnya)]""";FALSE;FALSE;FALSE;FALSE;FALSE;FALSE;FALSE;OTHER;OTHER;FALSE
"[(Murid)-(Semua murid)]""";FALSE;FALSE;FALSE;FALSE;FALSE;FALSE;FALSE;OTHER;OTHER;FALSE
"[(Murid)-(bimbingan)]""";FALSE;FALSE;FALSE;FALSE;FALSE;FALSE;FALSE;OTHER;OTHER;FALSE
"[(Murid)-(Ahok)]""";FALSE;FALSE;FALSE;FALSE;FALSE;FALSE;FALSE;OTHER;PERSON;FALSE
"[(sisi disiplinnya,)-(nilai UN,)]""";FALSE;FALSE;FALSE;FALSE;FALSE;TRUE;FALSE;OTHER;OTHER;FALSE
[(sisi disiplinnya,)-(Ahok)];FALSE;FALSE;FALSE;FALSE;FALSE;TRUE;FALSE;OTHER;PERSON;FALSE
[(sisi disiplinnya,)-(balai kota Jakarta,)];FALSE;FALSE;FALSE;FALSE;FALSE;TRUE;FALSE;OTHER;OTHER;FALSE
[(sisi disiplinnya,)-(Senin)];FALSE;FALSE;FALSE;FALSE;FALSE;TRUE;FALSE;OTHER;OTHER;FALSE
[(sisi disiplinnya,)-(stres)];FALSE;FALSE;FALSE;FALSE;FALSE;FALSE;FALSE;OTHER;OTHER;FALSE
[(sisi disiplinnya,)-(Ahok)];FALSE;FALSE;FALSE;FALSE;FALSE;FALSE;FALSE;OTHER;PERSON;FALSE
[(sisi disiplinnya,)-(murid)];FALSE;FALSE;FALSE;FALSE;FALSE;FALSE;FALSE;OTHER;OTHER;FALSE
[(sisi disiplinnya,)-(dukun)];FALSE;FALSE;FALSE;FALSE;FALSE;FALSE;FALSE;OTHER;OTHER;FALSE
[(sisi disiplinnya,)-(doa)];FALSE;FALSE;FALSE;FALSE;FALSE;FALSE;FALSE;OTHER;OTHER;FALSE
[(sisi disiplinnya,)-(Mantan Bupati Belitung)];FALSE;FALSE;FALSE;FALSE;FALSE;FALSE;FALSE;OTHER;PERSON;FALSE
[(sisi disiplinnya,)-(UN)];FALSE;FALSE;FALSE;FALSE;FALSE;FALSE;FALSE;OTHER;ORGANIZATION;FALSE
[(sisi disiplinnya,)-(peserta)];FALSE;FALSE;FALSE;FALSE;FALSE;FALSE;FALSE;OTHER;OTHER;FALSE
[(sisi disiplinnya,)-(sebuah karakter)];FALSE;FALSE;FALSE;FALSE;FALSE;FALSE;FALSE;OTHER;OTHER;FALSE
"[(sisi disiplinnya,)-(Memangnya)]""";FALSE;FALSE;FALSE;FALSE;FALSE;FALSE;FALSE;OTHER;OTHER;FALSE
[(sisi disiplinnya,)-(jaminan)];FALSE;FALSE;FALSE;FALSE;FALSE;FALSE;FALSE;OTHER;OTHER;FALSE
[(sisi disiplinnya,)-(nilai UN bagus)];FALSE;FALSE;FALSE;FALSE;FALSE;FALSE;FALSE;OTHER;OTHER;FALSE
[(sisi disiplinnya,)-(karakter)];FALSE;FALSE;FALSE;FALSE;FALSE;FALSE;FALSE;OTHER;OTHER;FALSE
[(sisi disiplinnya,)-(bagus?)];FALSE;FALSE;FALSE;FALSE;FALSE;FALSE;FALSE;OTHER;OTHER;FALSE
[(sisi disiplinnya,)-(kerja?)];FALSE;FALSE;FALSE;FALSE;FALSE;FALSE;FALSE;OTHER;OTHER;FALSE
[(sisi disiplinnya,)-(Bisa teguh)];FALSE;FALSE;FALSE;FALSE;FALSE;FALSE;FALSE;OTHER;OTHER;FALSE
[(sisi disiplinnya,)-(kesulitan?)];FALSE;FALSE;FALSE;FALSE;FALSE;FALSE;FALSE;OTHER;OTHER;FALSE
[(sisi disiplinnya,)-(tegas Ahok)];FALSE;FALSE;FALSE;FALSE;FALSE;FALSE;FALSE;OTHER;OTHER;FALSE
[(sisi disiplinnya,)-(Ahok)];FALSE;FALSE;FALSE;FALSE;FALSE;FALSE;FALSE;OTHER;PERSON;FALSE
[(sisi disiplinnya,)-(kegiatan)];FALSE;FALSE;FALSE;FALSE;FALSE;FALSE;FALSE;OTHER;OTHER;FALSE
[(sisi disiplinnya,)-(waktu silam)];FALSE;FALSE;FALSE;FALSE;FALSE;FALSE;FALSE;OTHER;OTHER;FALSE
[(sisi disiplinnya,)-(mana guru dan murid)];FALSE;FALSE;FALSE;FALSE;FALSE;FALSE;FALSE;OTHER;OTHER;FALSE
[(sisi disiplinnya,)-(interaksi)];FALSE;FALSE;FALSE;FALSE;FALSE;FALSE;FALSE;OTHER;OTHER;FALSE
"[(sisi disiplinnya,)-(Murid)]""";FALSE;FALSE;FALSE;FALSE;FALSE;FALSE;FALSE;OTHER;OTHER;FALSE
[(sisi disiplinnya,)-(potensi diri)];FALSE;FALSE;FALSE;FALSE;FALSE;FALSE;FALSE;OTHER;OTHER;FALSE
[(sisi disiplinnya,)-(UN tetap)];FALSE;FALSE;FALSE;FALSE;FALSE;FALSE;FALSE;OTHER;ORGANIZATION;FALSE
[(sisi disiplinnya,)-(sekolahnya)];FALSE;FALSE;FALSE;FALSE;FALSE;FALSE;FALSE;OTHER;OTHER;FALSE
[(sisi disiplinnya,)-(Semua murid)];FALSE;FALSE;FALSE;FALSE;FALSE;FALSE;FALSE;OTHER;OTHER;FALSE
[(sisi disiplinnya,)-(bimbingan)];FALSE;FALSE;FALSE;FALSE;FALSE;FALSE;FALSE;OTHER;OTHER;FALSE
[(sisi disiplinnya,)-(Ahok)];FALSE;FALSE;FALSE;FALSE;FALSE;FALSE;FALSE;OTHER;PERSON;FALSE
"[(nilai UN,)-(Ahok)]""";FALSE;FALSE;FALSE;FALSE;FALSE;TRUE;FALSE;OTHER;PERSON;FALSE
"[(nilai UN,)-(balai kota Jakarta,)]""";FALSE;FALSE;FALSE;FALSE;FALSE;TRUE;FALSE;OTHER;OTHER;FALSE
"[(nilai UN,)-(Senin)]""";FALSE;FALSE;FALSE;FALSE;FALSE;TRUE;FALSE;OTHER;OTHER;FALSE
"[(nilai UN,)-(stres)]""";FALSE;FALSE;FALSE;FALSE;FALSE;FALSE;FALSE;OTHER;OTHER;FALSE
"[(nilai UN,)-(Ahok)]""";FALSE;FALSE;FALSE;FALSE;FALSE;FALSE;FALSE;OTHER;PERSON;FALSE
"[(nilai UN,)-(murid)]""";FALSE;FALSE;FALSE;FALSE;FALSE;FALSE;FALSE;OTHER;OTHER;FALSE
"[(nilai UN,)-(dukun)]""";FALSE;FALSE;FALSE;FALSE;FALSE;FALSE;FALSE;OTHER;OTHER;FALSE
"[(nilai UN,)-(doa)]""";FALSE;FALSE;FALSE;FALSE;FALSE;FALSE;FALSE;OTHER;OTHER;FALSE
"[(nilai UN,)-(Mantan Bupati Belitung)]""";FALSE;FALSE;FALSE;FALSE;FALSE;FALSE;FALSE;OTHER;PERSON;FALSE
"[(nilai UN,)-(UN)]""";FALSE;FALSE;FALSE;FALSE;FALSE;FALSE;TRUE;OTHER;ORGANIZATION;FALSE
"[(nilai UN,)-(peserta)]""";FALSE;FALSE;FALSE;FALSE;FALSE;FALSE;FALSE;OTHER;OTHER;FALSE
"[(nilai UN,)-(sebuah karakter)]""";FALSE;FALSE;FALSE;FALSE;FALSE;FALSE;FALSE;OTHER;OTHER;FALSE
"[(nilai UN,)-(""Memangnya)]""";FALSE;FALSE;FALSE;FALSE;FALSE;FALSE;FALSE;OTHER;OTHER;FALSE
"[(nilai UN,)-(jaminan)]""";FALSE;FALSE;FALSE;FALSE;FALSE;FALSE;FALSE;OTHER;OTHER;FALSE
"[(nilai UN,)-(nilai UN bagus)]""";FALSE;FALSE;FALSE;FALSE;FALSE;FALSE;FALSE;OTHER;OTHER;FALSE
"[(nilai UN,)-(karakter)]""";FALSE;FALSE;FALSE;FALSE;FALSE;FALSE;FALSE;OTHER;OTHER;FALSE
"[(nilai UN,)-(bagus?)]""";FALSE;FALSE;FALSE;FALSE;FALSE;FALSE;FALSE;OTHER;OTHER;FALSE
"[(nilai UN,)-(kerja?)]""";FALSE;FALSE;FALSE;FALSE;FALSE;FALSE;FALSE;OTHER;OTHER;FALSE
"[(nilai UN,)-(Bisa teguh)]""";FALSE;FALSE;FALSE;FALSE;FALSE;FALSE;FALSE;OTHER;OTHER;FALSE
"[(nilai UN,)-(kesulitan?)]""";FALSE;FALSE;FALSE;FALSE;FALSE;FALSE;FALSE;OTHER;OTHER;FALSE
"[(nilai UN,)-(tegas Ahok)]""";FALSE;FALSE;FALSE;FALSE;FALSE;FALSE;FALSE;OTHER;OTHER;FALSE
"[(nilai UN,)-(Ahok)]""";FALSE;FALSE;FALSE;FALSE;FALSE;FALSE;FALSE;OTHER;PERSON;FALSE
"[(nilai UN,)-(kegiatan)]""";FALSE;FALSE;FALSE;FALSE;FALSE;FALSE;FALSE;OTHER;OTHER;FALSE
"[(nilai UN,)-(waktu silam)]""";FALSE;FALSE;FALSE;FALSE;FALSE;FALSE;FALSE;OTHER;OTHER;FALSE
"[(nilai UN,)-(mana guru dan murid)]""";FALSE;FALSE;FALSE;FALSE;FALSE;FALSE;FALSE;OTHER;OTHER;FALSE
"[(nilai UN,)-(interaksi)]""";FALSE;FALSE;FALSE;FALSE;FALSE;FALSE;FALSE;OTHER;OTHER;FALSE
"[(nilai UN,)-(""Murid)]""";FALSE;FALSE;FALSE;FALSE;FALSE;FALSE;FALSE;OTHER;OTHER;FALSE
"[(nilai UN,)-(potensi diri)]""";FALSE;FALSE;FALSE;FALSE;FALSE;FALSE;FALSE;OTHER;OTHER;FALSE
"[(nilai UN,)-(UN tetap)]""";FALSE;FALSE;FALSE;FALSE;FALSE;FALSE;FALSE;OTHER;ORGANIZATION;FALSE
"[(nilai UN,)-(sekolahnya)]""";FALSE;FALSE;FALSE;FALSE;FALSE;FALSE;FALSE;OTHER;OTHER;FALSE
"[(nilai UN,)-(Semua murid)]""";FALSE;FALSE;FALSE;FALSE;FALSE;FALSE;FALSE;OTHER;OTHER;FALSE
"[(nilai UN,)-(bimbingan)]""";FALSE;FALSE;FALSE;FALSE;FALSE;FALSE;FALSE;OTHER;OTHER;FALSE
"[(nilai UN,)-(Ahok)]""";FALSE;FALSE;FALSE;FALSE;FALSE;FALSE;FALSE;OTHER;PERSON;FALSE
[(Ahok)-(balai kota Jakarta,)];FALSE;FALSE;FALSE;FALSE;FALSE;TRUE;FALSE;PERSON;OTHER;FALSE
[(Ahok)-(Senin)];FALSE;TRUE;FALSE;FALSE;FALSE;TRUE;FALSE;PERSON;OTHER;FALSE
[(Ahok)-(stres)];FALSE;TRUE;FALSE;FALSE;FALSE;FALSE;FALSE;PERSON;OTHER;FALSE
[(Ahok)-(Ahok)];TRUE;TRUE;FALSE;FALSE;FALSE;FALSE;TRUE;PERSON;PERSON;TRUE
[(Ahok)-(murid)];FALSE;TRUE;FALSE;FALSE;FALSE;FALSE;FALSE;PERSON;OTHER;FALSE
[(Ahok)-(dukun)];FALSE;TRUE;FALSE;FALSE;FALSE;FALSE;FALSE;PERSON;OTHER;FALSE
[(Ahok)-(doa)];FALSE;TRUE;FALSE;FALSE;FALSE;FALSE;FALSE;PERSON;OTHER;FALSE
[(Ahok)-(Mantan Bupati Belitung)];FALSE;TRUE;FALSE;FALSE;FALSE;FALSE;FALSE;PERSON;PERSON;TRUE
[(Ahok)-(UN)];FALSE;TRUE;FALSE;FALSE;FALSE;FALSE;FALSE;PERSON;ORGANIZATION;FALSE
[(Ahok)-(peserta)];FALSE;TRUE;FALSE;FALSE;FALSE;FALSE;FALSE;PERSON;OTHER;FALSE
[(Ahok)-(sebuah karakter)];FALSE;TRUE;FALSE;FALSE;FALSE;FALSE;FALSE;PERSON;OTHER;FALSE
"[(Ahok)-(Memangnya)]""";FALSE;FALSE;FALSE;FALSE;FALSE;FALSE;FALSE;PERSON;OTHER;FALSE
[(Ahok)-(jaminan)];FALSE;TRUE;FALSE;FALSE;FALSE;FALSE;FALSE;PERSON;OTHER;FALSE
[(Ahok)-(nilai UN bagus)];FALSE;TRUE;FALSE;FALSE;FALSE;FALSE;FALSE;PERSON;OTHER;FALSE
[(Ahok)-(karakter)];FALSE;TRUE;FALSE;FALSE;FALSE;FALSE;FALSE;PERSON;OTHER;FALSE
[(Ahok)-(bagus?)];FALSE;TRUE;FALSE;FALSE;FALSE;FALSE;FALSE;PERSON;OTHER;FALSE
[(Ahok)-(kerja?)];FALSE;TRUE;FALSE;FALSE;FALSE;FALSE;FALSE;PERSON;OTHER;FALSE
[(Ahok)-(Bisa teguh)];FALSE;TRUE;FALSE;FALSE;FALSE;FALSE;FALSE;PERSON;OTHER;FALSE
[(Ahok)-(kesulitan?)];FALSE;TRUE;FALSE;FALSE;FALSE;FALSE;FALSE;PERSON;OTHER;FALSE
[(Ahok)-(tegas Ahok)];FALSE;TRUE;FALSE;FALSE;FALSE;FALSE;TRUE;PERSON;OTHER;FALSE
[(Ahok)-(Ahok)];TRUE;TRUE;FALSE;FALSE;FALSE;FALSE;TRUE;PERSON;PERSON;TRUE
[(Ahok)-(kegiatan)];FALSE;TRUE;FALSE;FALSE;FALSE;FALSE;FALSE;PERSON;OTHER;FALSE
[(Ahok)-(waktu silam)];FALSE;TRUE;FALSE;FALSE;FALSE;FALSE;FALSE;PERSON;OTHER;FALSE
[(Ahok)-(mana guru dan murid)];FALSE;TRUE;FALSE;FALSE;FALSE;FALSE;FALSE;PERSON;OTHER;FALSE
[(Ahok)-(interaksi)];FALSE;TRUE;FALSE;FALSE;FALSE;FALSE;FALSE;PERSON;OTHER;FALSE
"[(Ahok)-(Murid)]""";FALSE;FALSE;FALSE;FALSE;FALSE;FALSE;FALSE;PERSON;OTHER;FALSE
[(Ahok)-(potensi diri)];FALSE;TRUE;FALSE;FALSE;FALSE;FALSE;FALSE;PERSON;OTHER;FALSE
[(Ahok)-(UN tetap)];FALSE;TRUE;FALSE;FALSE;FALSE;FALSE;FALSE;PERSON;ORGANIZATION;FALSE
[(Ahok)-(sekolahnya)];FALSE;TRUE;FALSE;FALSE;FALSE;FALSE;FALSE;PERSON;OTHER;FALSE
[(Ahok)-(Semua murid)];FALSE;TRUE;FALSE;FALSE;FALSE;FALSE;FALSE;PERSON;OTHER;FALSE
[(Ahok)-(bimbingan)];FALSE;TRUE;FALSE;FALSE;FALSE;FALSE;FALSE;PERSON;OTHER;FALSE
[(Ahok)-(Ahok)];TRUE;TRUE;FALSE;FALSE;FALSE;FALSE;TRUE;PERSON;PERSON;TRUE
[(balai kota Jakarta,)-(Senin)];FALSE;FALSE;FALSE;FALSE;FALSE;TRUE;FALSE;OTHER;OTHER;FALSE
[(balai kota Jakarta,)-(stres)];FALSE;FALSE;FALSE;FALSE;FALSE;FALSE;FALSE;OTHER;OTHER;FALSE
[(balai kota Jakarta,)-(Ahok)];FALSE;FALSE;FALSE;FALSE;FALSE;FALSE;FALSE;OTHER;PERSON;FALSE
[(balai kota Jakarta,)-(murid)];FALSE;FALSE;FALSE;FALSE;FALSE;FALSE;FALSE;OTHER;OTHER;FALSE
[(balai kota Jakarta,)-(dukun)];FALSE;FALSE;FALSE;FALSE;FALSE;FALSE;FALSE;OTHER;OTHER;FALSE
[(balai kota Jakarta,)-(doa)];FALSE;FALSE;FALSE;FALSE;FALSE;FALSE;FALSE;OTHER;OTHER;FALSE
[(balai kota Jakarta,)-(Mantan Bupati Belitung)];FALSE;FALSE;FALSE;FALSE;FALSE;FALSE;FALSE;OTHER;PERSON;FALSE
[(balai kota Jakarta,)-(UN)];FALSE;FALSE;FALSE;FALSE;FALSE;FALSE;FALSE;OTHER;ORGANIZATION;FALSE
[(balai kota Jakarta,)-(peserta)];FALSE;FALSE;FALSE;FALSE;FALSE;FALSE;FALSE;OTHER;OTHER;FALSE
[(balai kota Jakarta,)-(sebuah karakter)];FALSE;FALSE;FALSE;FALSE;FALSE;FALSE;FALSE;OTHER;OTHER;FALSE
"[(balai kota Jakarta,)-(Memangnya)]""";FALSE;FALSE;FALSE;FALSE;FALSE;FALSE;FALSE;OTHER;OTHER;FALSE
[(balai kota Jakarta,)-(jaminan)];FALSE;FALSE;FALSE;FALSE;FALSE;FALSE;FALSE;OTHER;OTHER;FALSE
[(balai kota Jakarta,)-(nilai UN bagus)];FALSE;FALSE;FALSE;FALSE;FALSE;FALSE;FALSE;OTHER;OTHER;FALSE
[(balai kota Jakarta,)-(karakter)];FALSE;FALSE;FALSE;FALSE;FALSE;FALSE;FALSE;OTHER;OTHER;FALSE
[(balai kota Jakarta,)-(bagus?)];FALSE;FALSE;FALSE;FALSE;FALSE;FALSE;FALSE;OTHER;OTHER;FALSE
[(balai kota Jakarta,)-(kerja?)];FALSE;FALSE;FALSE;FALSE;FALSE;FALSE;FALSE;OTHER;OTHER;FALSE
[(balai kota Jakarta,)-(Bisa teguh)];FALSE;FALSE;FALSE;FALSE;FALSE;FALSE;FALSE;OTHER;OTHER;FALSE
[(balai kota Jakarta,)-(kesulitan?)];FALSE;FALSE;FALSE;FALSE;FALSE;FALSE;FALSE;OTHER;OTHER;FALSE
[(balai kota Jakarta,)-(tegas Ahok)];FALSE;FALSE;FALSE;FALSE;FALSE;FALSE;FALSE;OTHER;OTHER;FALSE
[(balai kota Jakarta,)-(Ahok)];FALSE;FALSE;FALSE;FALSE;FALSE;FALSE;FALSE;OTHER;PERSON;FALSE
[(balai kota Jakarta,)-(kegiatan)];FALSE;FALSE;FALSE;FALSE;FALSE;FALSE;FALSE;OTHER;OTHER;FALSE
[(balai kota Jakarta,)-(waktu silam)];FALSE;FALSE;FALSE;FALSE;FALSE;FALSE;FALSE;OTHER;OTHER;FALSE
[(balai kota Jakarta,)-(mana guru dan murid)];FALSE;FALSE;FALSE;FALSE;FALSE;FALSE;FALSE;OTHER;OTHER;FALSE
[(balai kota Jakarta,)-(interaksi)];FALSE;FALSE;FALSE;FALSE;FALSE;FALSE;FALSE;OTHER;OTHER;FALSE
"[(balai kota Jakarta,)-(Murid)]""";FALSE;FALSE;FALSE;FALSE;FALSE;FALSE;FALSE;OTHER;OTHER;FALSE
[(balai kota Jakarta,)-(potensi diri)];FALSE;FALSE;FALSE;FALSE;FALSE;FALSE;FALSE;OTHER;OTHER;FALSE
[(balai kota Jakarta,)-(UN tetap)];FALSE;FALSE;FALSE;FALSE;FALSE;FALSE;FALSE;OTHER;ORGANIZATION;FALSE
[(balai kota Jakarta,)-(sekolahnya)];FALSE;FALSE;FALSE;FALSE;FALSE;FALSE;FALSE;OTHER;OTHER;FALSE
[(balai kota Jakarta,)-(Semua murid)];FALSE;FALSE;FALSE;FALSE;FALSE;FALSE;FALSE;OTHER;OTHER;FALSE
[(balai kota Jakarta,)-(bimbingan)];FALSE;FALSE;FALSE;FALSE;FALSE;FALSE;FALSE;OTHER;OTHER;FALSE
[(balai kota Jakarta,)-(Ahok)];FALSE;FALSE;FALSE;FALSE;FALSE;FALSE;FALSE;OTHER;PERSON;FALSE
[(Senin)-(stres)];FALSE;TRUE;FALSE;FALSE;FALSE;FALSE;FALSE;OTHER;OTHER;FALSE
[(Senin)-(Ahok)];FALSE;TRUE;FALSE;FALSE;FALSE;FALSE;FALSE;OTHER;PERSON;FALSE
[(Senin)-(murid)];FALSE;TRUE;FALSE;FALSE;FALSE;FALSE;FALSE;OTHER;OTHER;FALSE
[(Senin)-(dukun)];FALSE;TRUE;FALSE;FALSE;FALSE;FALSE;FALSE;OTHER;OTHER;FALSE
[(Senin)-(doa)];FALSE;TRUE;FALSE;FALSE;FALSE;FALSE;FALSE;OTHER;OTHER;FALSE
[(Senin)-(Mantan Bupati Belitung)];FALSE;TRUE;FALSE;FALSE;FALSE;FALSE;FALSE;OTHER;PERSON;FALSE
[(Senin)-(UN)];FALSE;TRUE;FALSE;FALSE;FALSE;FALSE;FALSE;OTHER;ORGANIZATION;FALSE
[(Senin)-(peserta)];FALSE;TRUE;FALSE;FALSE;FALSE;FALSE;FALSE;OTHER;OTHER;FALSE
[(Senin)-(sebuah karakter)];FALSE;TRUE;FALSE;FALSE;FALSE;FALSE;FALSE;OTHER;OTHER;FALSE
"[(Senin)-(Memangnya)]""";FALSE;FALSE;FALSE;FALSE;FALSE;FALSE;FALSE;OTHER;OTHER;FALSE
[(Senin)-(jaminan)];FALSE;TRUE;FALSE;FALSE;FALSE;FALSE;FALSE;OTHER;OTHER;FALSE
[(Senin)-(nilai UN bagus)];FALSE;TRUE;FALSE;FALSE;FALSE;FALSE;FALSE;OTHER;OTHER;FALSE
[(Senin)-(karakter)];FALSE;TRUE;FALSE;FALSE;FALSE;FALSE;FALSE;OTHER;OTHER;FALSE
[(Senin)-(bagus?)];FALSE;TRUE;FALSE;FALSE;FALSE;FALSE;FALSE;OTHER;OTHER;FALSE
[(Senin)-(kerja?)];FALSE;TRUE;FALSE;FALSE;FALSE;FALSE;FALSE;OTHER;OTHER;FALSE
[(Senin)-(Bisa teguh)];FALSE;TRUE;FALSE;FALSE;FALSE;FALSE;FALSE;OTHER;OTHER;FALSE
[(Senin)-(kesulitan?)];FALSE;TRUE;FALSE;FALSE;FALSE;FALSE;FALSE;OTHER;OTHER;FALSE
[(Senin)-(tegas Ahok)];FALSE;TRUE;FALSE;FALSE;FALSE;FALSE;FALSE;OTHER;OTHER;FALSE
[(Senin)-(Ahok)];FALSE;TRUE;FALSE;FALSE;FALSE;FALSE;FALSE;OTHER;PERSON;FALSE
[(Senin)-(kegiatan)];FALSE;TRUE;FALSE;FALSE;FALSE;FALSE;FALSE;OTHER;OTHER;FALSE
[(Senin)-(waktu silam)];FALSE;TRUE;FALSE;FALSE;FALSE;FALSE;FALSE;OTHER;OTHER;FALSE
[(Senin)-(mana guru dan murid)];FALSE;TRUE;FALSE;FALSE;FALSE;FALSE;FALSE;OTHER;OTHER;FALSE
[(Senin)-(interaksi)];FALSE;TRUE;FALSE;FALSE;FALSE;FALSE;FALSE;OTHER;OTHER;FALSE
"[(Senin)-(Murid)]""";FALSE;FALSE;FALSE;FALSE;FALSE;FALSE;FALSE;OTHER;OTHER;FALSE
[(Senin)-(potensi diri)];FALSE;TRUE;FALSE;FALSE;FALSE;FALSE;FALSE;OTHER;OTHER;FALSE
[(Senin)-(UN tetap)];FALSE;TRUE;FALSE;FALSE;FALSE;FALSE;FALSE;OTHER;ORGANIZATION;FALSE
[(Senin)-(sekolahnya)];FALSE;TRUE;FALSE;FALSE;FALSE;FALSE;FALSE;OTHER;OTHER;FALSE
[(Senin)-(Semua murid)];FALSE;TRUE;FALSE;FALSE;FALSE;FALSE;FALSE;OTHER;OTHER;FALSE
[(Senin)-(bimbingan)];FALSE;TRUE;FALSE;FALSE;FALSE;FALSE;FALSE;OTHER;OTHER;FALSE
[(Senin)-(Ahok)];FALSE;TRUE;FALSE;FALSE;FALSE;FALSE;FALSE;OTHER;PERSON;FALSE
[(stres)-(Ahok)];FALSE;TRUE;FALSE;FALSE;FALSE;TRUE;FALSE;OTHER;PERSON;FALSE
[(stres)-(murid)];FALSE;TRUE;FALSE;FALSE;FALSE;TRUE;FALSE;OTHER;OTHER;FALSE
[(stres)-(dukun)];FALSE;TRUE;FALSE;FALSE;FALSE;TRUE;FALSE;OTHER;OTHER;FALSE
[(stres)-(doa)];FALSE;TRUE;FALSE;FALSE;FALSE;TRUE;FALSE;OTHER;OTHER;FALSE
[(stres)-(Mantan Bupati Belitung)];FALSE;TRUE;FALSE;FALSE;FALSE;FALSE;FALSE;OTHER;PERSON;FALSE
[(stres)-(UN)];FALSE;TRUE;FALSE;FALSE;FALSE;FALSE;FALSE;OTHER;ORGANIZATION;FALSE
[(stres)-(peserta)];FALSE;TRUE;FALSE;FALSE;FALSE;FALSE;FALSE;OTHER;OTHER;FALSE
[(stres)-(sebuah karakter)];FALSE;TRUE;FALSE;FALSE;FALSE;FALSE;FALSE;OTHER;OTHER;FALSE
"[(stres)-(Memangnya)]""";FALSE;FALSE;FALSE;FALSE;FALSE;FALSE;FALSE;OTHER;OTHER;FALSE
[(stres)-(jaminan)];FALSE;TRUE;FALSE;FALSE;FALSE;FALSE;FALSE;OTHER;OTHER;FALSE
[(stres)-(nilai UN bagus)];FALSE;TRUE;FALSE;FALSE;FALSE;FALSE;FALSE;OTHER;OTHER;FALSE
[(stres)-(karakter)];FALSE;TRUE;FALSE;FALSE;FALSE;FALSE;FALSE;OTHER;OTHER;FALSE
[(stres)-(bagus?)];FALSE;TRUE;FALSE;FALSE;FALSE;FALSE;FALSE;OTHER;OTHER;FALSE
[(stres)-(kerja?)];FALSE;TRUE;FALSE;FALSE;FALSE;FALSE;FALSE;OTHER;OTHER;FALSE
[(stres)-(Bisa teguh)];FALSE;TRUE;FALSE;FALSE;FALSE;FALSE;FALSE;OTHER;OTHER;FALSE
[(stres)-(kesulitan?)];FALSE;TRUE;FALSE;FALSE;FALSE;FALSE;FALSE;OTHER;OTHER;FALSE
[(stres)-(tegas Ahok)];FALSE;TRUE;FALSE;FALSE;FALSE;FALSE;FALSE;OTHER;OTHER;FALSE
[(stres)-(Ahok)];FALSE;TRUE;FALSE;FALSE;FALSE;FALSE;FALSE;OTHER;PERSON;FALSE
[(stres)-(kegiatan)];FALSE;TRUE;FALSE;FALSE;FALSE;FALSE;FALSE;OTHER;OTHER;FALSE
[(stres)-(waktu silam)];FALSE;TRUE;FALSE;FALSE;FALSE;FALSE;FALSE;OTHER;OTHER;FALSE
[(stres)-(mana guru dan murid)];FALSE;TRUE;FALSE;FALSE;FALSE;FALSE;FALSE;OTHER;OTHER;FALSE
[(stres)-(interaksi)];FALSE;TRUE;FALSE;FALSE;FALSE;FALSE;FALSE;OTHER;OTHER;FALSE
"[(stres)-(Murid)]""";FALSE;FALSE;FALSE;FALSE;FALSE;FALSE;FALSE;OTHER;OTHER;FALSE
[(stres)-(potensi diri)];FALSE;TRUE;FALSE;FALSE;FALSE;FALSE;FALSE;OTHER;OTHER;FALSE
[(stres)-(UN tetap)];FALSE;TRUE;FALSE;FALSE;FALSE;FALSE;FALSE;OTHER;ORGANIZATION;FALSE
[(stres)-(sekolahnya)];FALSE;TRUE;FALSE;FALSE;FALSE;FALSE;FALSE;OTHER;OTHER;FALSE
[(stres)-(Semua murid)];FALSE;TRUE;FALSE;FALSE;FALSE;FALSE;FALSE;OTHER;OTHER;FALSE
[(stres)-(bimbingan)];FALSE;TRUE;FALSE;FALSE;FALSE;FALSE;FALSE;OTHER;OTHER;FALSE
[(stres)-(Ahok)];FALSE;TRUE;FALSE;FALSE;FALSE;FALSE;FALSE;OTHER;PERSON;FALSE
[(Ahok)-(murid)];FALSE;TRUE;FALSE;FALSE;FALSE;TRUE;FALSE;PERSON;OTHER;FALSE
[(Ahok)-(dukun)];FALSE;TRUE;FALSE;FALSE;FALSE;TRUE;FALSE;PERSON;OTHER;FALSE
[(Ahok)-(doa)];FALSE;TRUE;FALSE;FALSE;FALSE;TRUE;FALSE;PERSON;OTHER;FALSE
[(Ahok)-(Mantan Bupati Belitung)];FALSE;TRUE;FALSE;FALSE;FALSE;FALSE;FALSE;PERSON;PERSON;TRUE
[(Ahok)-(UN)];FALSE;TRUE;FALSE;FALSE;FALSE;FALSE;FALSE;PERSON;ORGANIZATION;FALSE
[(Ahok)-(peserta)];FALSE;TRUE;FALSE;FALSE;FALSE;FALSE;FALSE;PERSON;OTHER;FALSE
[(Ahok)-(sebuah karakter)];FALSE;TRUE;FALSE;FALSE;FALSE;FALSE;FALSE;PERSON;OTHER;FALSE
"[(Ahok)-(Memangnya)]""";FALSE;FALSE;FALSE;FALSE;FALSE;FALSE;FALSE;PERSON;OTHER;FALSE
[(Ahok)-(jaminan)];FALSE;TRUE;FALSE;FALSE;FALSE;FALSE;FALSE;PERSON;OTHER;FALSE
[(Ahok)-(nilai UN bagus)];FALSE;TRUE;FALSE;FALSE;FALSE;FALSE;FALSE;PERSON;OTHER;FALSE
[(Ahok)-(karakter)];FALSE;TRUE;FALSE;FALSE;FALSE;FALSE;FALSE;PERSON;OTHER;FALSE
[(Ahok)-(bagus?)];FALSE;TRUE;FALSE;FALSE;FALSE;FALSE;FALSE;PERSON;OTHER;FALSE
[(Ahok)-(kerja?)];FALSE;TRUE;FALSE;FALSE;FALSE;FALSE;FALSE;PERSON;OTHER;FALSE
[(Ahok)-(Bisa teguh)];FALSE;TRUE;FALSE;FALSE;FALSE;FALSE;FALSE;PERSON;OTHER;FALSE
[(Ahok)-(kesulitan?)];FALSE;TRUE;FALSE;FALSE;FALSE;FALSE;FALSE;PERSON;OTHER;FALSE
[(Ahok)-(tegas Ahok)];FALSE;TRUE;FALSE;FALSE;FALSE;FALSE;TRUE;PERSON;OTHER;FALSE
[(Ahok)-(Ahok)];TRUE;TRUE;FALSE;FALSE;FALSE;FALSE;TRUE;PERSON;PERSON;TRUE
[(Ahok)-(kegiatan)];FALSE;TRUE;FALSE;FALSE;FALSE;FALSE;FALSE;PERSON;OTHER;FALSE
[(Ahok)-(waktu silam)];FALSE;TRUE;FALSE;FALSE;FALSE;FALSE;FALSE;PERSON;OTHER;FALSE
[(Ahok)-(mana guru dan murid)];FALSE;TRUE;FALSE;FALSE;FALSE;FALSE;FALSE;PERSON;OTHER;FALSE
[(Ahok)-(interaksi)];FALSE;TRUE;FALSE;FALSE;FALSE;FALSE;FALSE;PERSON;OTHER;FALSE
"[(Ahok)-(Murid)]""";FALSE;FALSE;FALSE;FALSE;FALSE;FALSE;FALSE;PERSON;OTHER;FALSE
[(Ahok)-(potensi diri)];FALSE;TRUE;FALSE;FALSE;FALSE;FALSE;FALSE;PERSON;OTHER;FALSE
[(Ahok)-(UN tetap)];FALSE;TRUE;FALSE;FALSE;FALSE;FALSE;FALSE;PERSON;ORGANIZATION;FALSE
[(Ahok)-(sekolahnya)];FALSE;TRUE;FALSE;FALSE;FALSE;FALSE;FALSE;PERSON;OTHER;FALSE
[(Ahok)-(Semua murid)];FALSE;TRUE;FALSE;FALSE;FALSE;FALSE;FALSE;PERSON;OTHER;FALSE
[(Ahok)-(bimbingan)];FALSE;TRUE;FALSE;FALSE;FALSE;FALSE;FALSE;PERSON;OTHER;FALSE
[(Ahok)-(Ahok)];TRUE;TRUE;FALSE;FALSE;FALSE;FALSE;TRUE;PERSON;PERSON;TRUE
[(murid)-(dukun)];FALSE;TRUE;FALSE;FALSE;FALSE;TRUE;FALSE;OTHER;OTHER;FALSE
[(murid)-(doa)];FALSE;TRUE;FALSE;FALSE;FALSE;TRUE;FALSE;OTHER;OTHER;FALSE
[(murid)-(Mantan Bupati Belitung)];FALSE;TRUE;FALSE;FALSE;FALSE;FALSE;FALSE;OTHER;PERSON;FALSE
[(murid)-(UN)];FALSE;TRUE;FALSE;FALSE;FALSE;FALSE;FALSE;OTHER;ORGANIZATION;FALSE
[(murid)-(peserta)];FALSE;TRUE;FALSE;FALSE;FALSE;FALSE;FALSE;OTHER;OTHER;FALSE
[(murid)-(sebuah karakter)];FALSE;TRUE;FALSE;FALSE;FALSE;FALSE;FALSE;OTHER;OTHER;FALSE
"[(murid)-(Memangnya)]""";FALSE;FALSE;FALSE;FALSE;FALSE;FALSE;FALSE;OTHER;OTHER;FALSE
[(murid)-(jaminan)];FALSE;TRUE;FALSE;FALSE;FALSE;FALSE;FALSE;OTHER;OTHER;FALSE
[(murid)-(nilai UN bagus)];FALSE;TRUE;FALSE;FALSE;FALSE;FALSE;FALSE;OTHER;OTHER;FALSE
[(murid)-(karakter)];FALSE;TRUE;FALSE;FALSE;FALSE;FALSE;FALSE;OTHER;OTHER;FALSE
[(murid)-(bagus?)];FALSE;TRUE;FALSE;FALSE;FALSE;FALSE;FALSE;OTHER;OTHER;FALSE
[(murid)-(kerja?)];FALSE;TRUE;FALSE;FALSE;FALSE;FALSE;FALSE;OTHER;OTHER;FALSE
[(murid)-(Bisa teguh)];FALSE;TRUE;FALSE;FALSE;FALSE;FALSE;FALSE;OTHER;OTHER;FALSE
[(murid)-(kesulitan?)];FALSE;TRUE;FALSE;FALSE;FALSE;FALSE;FALSE;OTHER;OTHER;FALSE
[(murid)-(tegas Ahok)];FALSE;TRUE;FALSE;FALSE;FALSE;FALSE;FALSE;OTHER;OTHER;FALSE
[(murid)-(Ahok)];FALSE;TRUE;FALSE;FALSE;FALSE;FALSE;FALSE;OTHER;PERSON;FALSE
[(murid)-(kegiatan)];FALSE;TRUE;FALSE;FALSE;FALSE;FALSE;FALSE;OTHER;OTHER;FALSE
[(murid)-(waktu silam)];FALSE;TRUE;FALSE;FALSE;FALSE;FALSE;FALSE;OTHER;OTHER;FALSE
[(murid)-(mana guru dan murid)];FALSE;TRUE;FALSE;FALSE;FALSE;FALSE;TRUE;OTHER;OTHER;FALSE
[(murid)-(interaksi)];FALSE;TRUE;FALSE;FALSE;FALSE;FALSE;FALSE;OTHER;OTHER;FALSE
"[(murid)-(Murid)]""";FALSE;FALSE;FALSE;FALSE;FALSE;FALSE;FALSE;OTHER;OTHER;FALSE
[(murid)-(potensi diri)];FALSE;TRUE;FALSE;FALSE;FALSE;FALSE;FALSE;OTHER;OTHER;FALSE
[(murid)-(UN tetap)];FALSE;TRUE;FALSE;FALSE;FALSE;FALSE;FALSE;OTHER;ORGANIZATION;FALSE
[(murid)-(sekolahnya)];FALSE;TRUE;FALSE;FALSE;FALSE;FALSE;FALSE;OTHER;OTHER;FALSE
[(murid)-(Semua murid)];FALSE;TRUE;FALSE;FALSE;FALSE;FALSE;TRUE;OTHER;OTHER;FALSE
[(murid)-(bimbingan)];FALSE;TRUE;FALSE;FALSE;FALSE;FALSE;FALSE;OTHER;OTHER;FALSE
[(murid)-(Ahok)];FALSE;TRUE;FALSE;FALSE;FALSE;FALSE;FALSE;OTHER;PERSON;FALSE
[(dukun)-(doa)];FALSE;TRUE;FALSE;FALSE;FALSE;TRUE;FALSE;OTHER;OTHER;FALSE
[(dukun)-(Mantan Bupati Belitung)];FALSE;TRUE;FALSE;FALSE;FALSE;FALSE;FALSE;OTHER;PERSON;FALSE
[(dukun)-(UN)];FALSE;TRUE;FALSE;FALSE;FALSE;FALSE;FALSE;OTHER;ORGANIZATION;FALSE
[(dukun)-(peserta)];FALSE;TRUE;FALSE;FALSE;FALSE;FALSE;FALSE;OTHER;OTHER;FALSE
[(dukun)-(sebuah karakter)];FALSE;TRUE;FALSE;FALSE;FALSE;FALSE;FALSE;OTHER;OTHER;FALSE
"[(dukun)-(Memangnya)]""";FALSE;FALSE;FALSE;FALSE;FALSE;FALSE;FALSE;OTHER;OTHER;FALSE
[(dukun)-(jaminan)];FALSE;TRUE;FALSE;FALSE;FALSE;FALSE;FALSE;OTHER;OTHER;FALSE
[(dukun)-(nilai UN bagus)];FALSE;TRUE;FALSE;FALSE;FALSE;FALSE;FALSE;OTHER;OTHER;FALSE
[(dukun)-(karakter)];FALSE;TRUE;FALSE;FALSE;FALSE;FALSE;FALSE;OTHER;OTHER;FALSE
[(dukun)-(bagus?)];FALSE;TRUE;FALSE;FALSE;FALSE;FALSE;FALSE;OTHER;OTHER;FALSE
[(dukun)-(kerja?)];FALSE;TRUE;FALSE;FALSE;FALSE;FALSE;FALSE;OTHER;OTHER;FALSE
[(dukun)-(Bisa teguh)];FALSE;TRUE;FALSE;FALSE;FALSE;FALSE;FALSE;OTHER;OTHER;FALSE
[(dukun)-(kesulitan?)];FALSE;TRUE;FALSE;FALSE;FALSE;FALSE;FALSE;OTHER;OTHER;FALSE
[(dukun)-(tegas Ahok)];FALSE;TRUE;FALSE;FALSE;FALSE;FALSE;FALSE;OTHER;OTHER;FALSE
[(dukun)-(Ahok)];FALSE;TRUE;FALSE;FALSE;FALSE;FALSE;FALSE;OTHER;PERSON;FALSE
[(dukun)-(kegiatan)];FALSE;TRUE;FALSE;FALSE;FALSE;FALSE;FALSE;OTHER;OTHER;FALSE
[(dukun)-(waktu silam)];FALSE;TRUE;FALSE;FALSE;FALSE;FALSE;FALSE;OTHER;OTHER;FALSE
[(dukun)-(mana guru dan murid)];FALSE;TRUE;FALSE;FALSE;FALSE;FALSE;FALSE;OTHER;OTHER;FALSE
[(dukun)-(interaksi)];FALSE;TRUE;FALSE;FALSE;FALSE;FALSE;FALSE;OTHER;OTHER;FALSE
"[(dukun)-(Murid)]""";FALSE;FALSE;FALSE;FALSE;FALSE;FALSE;FALSE;OTHER;OTHER;FALSE
[(dukun)-(potensi diri)];FALSE;TRUE;FALSE;FALSE;FALSE;FALSE;FALSE;OTHER;OTHER;FALSE
[(dukun)-(UN tetap)];FALSE;TRUE;FALSE;FALSE;FALSE;FALSE;FALSE;OTHER;ORGANIZATION;FALSE
[(dukun)-(sekolahnya)];FALSE;TRUE;FALSE;FALSE;FALSE;FALSE;FALSE;OTHER;OTHER;FALSE
[(dukun)-(Semua murid)];FALSE;TRUE;FALSE;FALSE;FALSE;FALSE;FALSE;OTHER;OTHER;FALSE
[(dukun)-(bimbingan)];FALSE;TRUE;FALSE;FALSE;FALSE;FALSE;FALSE;OTHER;OTHER;FALSE
[(dukun)-(Ahok)];FALSE;TRUE;FALSE;FALSE;FALSE;FALSE;FALSE;OTHER;PERSON;FALSE
[(doa)-(Mantan Bupati Belitung)];FALSE;TRUE;FALSE;FALSE;FALSE;FALSE;FALSE;OTHER;PERSON;FALSE
[(doa)-(UN)];FALSE;TRUE;FALSE;FALSE;FALSE;FALSE;FALSE;OTHER;ORGANIZATION;FALSE
[(doa)-(peserta)];FALSE;TRUE;FALSE;FALSE;FALSE;FALSE;FALSE;OTHER;OTHER;FALSE
[(doa)-(sebuah karakter)];FALSE;TRUE;FALSE;FALSE;FALSE;FALSE;FALSE;OTHER;OTHER;FALSE
"[(doa)-(Memangnya)]""";FALSE;FALSE;FALSE;FALSE;FALSE;FALSE;FALSE;OTHER;OTHER;FALSE
[(doa)-(jaminan)];FALSE;TRUE;FALSE;FALSE;FALSE;FALSE;FALSE;OTHER;OTHER;FALSE
[(doa)-(nilai UN bagus)];FALSE;TRUE;FALSE;FALSE;FALSE;FALSE;FALSE;OTHER;OTHER;FALSE
[(doa)-(karakter)];FALSE;TRUE;FALSE;FALSE;FALSE;FALSE;FALSE;OTHER;OTHER;FALSE
[(doa)-(bagus?)];FALSE;TRUE;FALSE;FALSE;FALSE;FALSE;FALSE;OTHER;OTHER;FALSE
[(doa)-(kerja?)];FALSE;TRUE;FALSE;FALSE;FALSE;FALSE;FALSE;OTHER;OTHER;FALSE
[(doa)-(Bisa teguh)];FALSE;TRUE;FALSE;FALSE;FALSE;FALSE;FALSE;OTHER;OTHER;FALSE
[(doa)-(kesulitan?)];FALSE;TRUE;FALSE;FALSE;FALSE;FALSE;FALSE;OTHER;OTHER;FALSE
[(doa)-(tegas Ahok)];FALSE;TRUE;FALSE;FALSE;FALSE;FALSE;FALSE;OTHER;OTHER;FALSE
[(doa)-(Ahok)];FALSE;TRUE;FALSE;FALSE;FALSE;FALSE;FALSE;OTHER;PERSON;FALSE
[(doa)-(kegiatan)];FALSE;TRUE;FALSE;FALSE;FALSE;FALSE;FALSE;OTHER;OTHER;FALSE
[(doa)-(waktu silam)];FALSE;TRUE;FALSE;FALSE;FALSE;FALSE;FALSE;OTHER;OTHER;FALSE
[(doa)-(mana guru dan murid)];FALSE;TRUE;FALSE;FALSE;FALSE;FALSE;FALSE;OTHER;OTHER;FALSE
[(doa)-(interaksi)];FALSE;TRUE;FALSE;FALSE;FALSE;FALSE;FALSE;OTHER;OTHER;FALSE
"[(doa)-(Murid)]""";FALSE;FALSE;FALSE;FALSE;FALSE;FALSE;FALSE;OTHER;OTHER;FALSE
[(doa)-(potensi diri)];FALSE;TRUE;FALSE;FALSE;FALSE;FALSE;FALSE;OTHER;OTHER;FALSE
[(doa)-(UN tetap)];FALSE;TRUE;FALSE;FALSE;FALSE;FALSE;FALSE;OTHER;ORGANIZATION;FALSE
[(doa)-(sekolahnya)];FALSE;TRUE;FALSE;FALSE;FALSE;FALSE;FALSE;OTHER;OTHER;FALSE
[(doa)-(Semua murid)];FALSE;TRUE;FALSE;FALSE;FALSE;FALSE;FALSE;OTHER;OTHER;FALSE
[(doa)-(bimbingan)];FALSE;TRUE;FALSE;FALSE;FALSE;FALSE;FALSE;OTHER;OTHER;FALSE
[(doa)-(Ahok)];FALSE;TRUE;FALSE;FALSE;FALSE;FALSE;FALSE;OTHER;PERSON;FALSE
[(Mantan Bupati Belitung)-(UN)];FALSE;TRUE;FALSE;FALSE;FALSE;TRUE;FALSE;PERSON;ORGANIZATION;FALSE
[(Mantan Bupati Belitung)-(peserta)];FALSE;TRUE;FALSE;FALSE;FALSE;TRUE;FALSE;PERSON;OTHER;FALSE
[(Mantan Bupati Belitung)-(sebuah karakter)];FALSE;TRUE;FALSE;FALSE;FALSE;TRUE;FALSE;PERSON;OTHER;FALSE
"[(Mantan Bupati Belitung)-(Memangnya)]""";FALSE;FALSE;FALSE;FALSE;FALSE;FALSE;FALSE;PERSON;OTHER;FALSE
[(Mantan Bupati Belitung)-(jaminan)];FALSE;TRUE;FALSE;FALSE;FALSE;FALSE;FALSE;PERSON;OTHER;FALSE
[(Mantan Bupati Belitung)-(nilai UN bagus)];FALSE;TRUE;FALSE;FALSE;FALSE;FALSE;FALSE;PERSON;OTHER;FALSE
[(Mantan Bupati Belitung)-(karakter)];FALSE;TRUE;FALSE;FALSE;FALSE;FALSE;FALSE;PERSON;OTHER;FALSE
[(Mantan Bupati Belitung)-(bagus?)];FALSE;TRUE;FALSE;FALSE;FALSE;FALSE;FALSE;PERSON;OTHER;FALSE
[(Mantan Bupati Belitung)-(kerja?)];FALSE;TRUE;FALSE;FALSE;FALSE;FALSE;FALSE;PERSON;OTHER;FALSE
[(Mantan Bupati Belitung)-(Bisa teguh)];FALSE;TRUE;FALSE;FALSE;FALSE;FALSE;FALSE;PERSON;OTHER;FALSE
[(Mantan Bupati Belitung)-(kesulitan?)];FALSE;TRUE;FALSE;FALSE;FALSE;FALSE;FALSE;PERSON;OTHER;FALSE
[(Mantan Bupati Belitung)-(tegas Ahok)];FALSE;TRUE;FALSE;FALSE;FALSE;FALSE;FALSE;PERSON;OTHER;FALSE
[(Mantan Bupati Belitung)-(Ahok)];FALSE;TRUE;FALSE;FALSE;FALSE;FALSE;FALSE;PERSON;PERSON;TRUE
[(Mantan Bupati Belitung)-(kegiatan)];FALSE;TRUE;FALSE;FALSE;FALSE;FALSE;FALSE;PERSON;OTHER;FALSE
[(Mantan Bupati Belitung)-(waktu silam)];FALSE;TRUE;FALSE;FALSE;FALSE;FALSE;FALSE;PERSON;OTHER;FALSE
[(Mantan Bupati Belitung)-(mana guru dan murid)];FALSE;TRUE;FALSE;FALSE;FALSE;FALSE;FALSE;PERSON;OTHER;FALSE
[(Mantan Bupati Belitung)-(interaksi)];FALSE;TRUE;FALSE;FALSE;FALSE;FALSE;FALSE;PERSON;OTHER;FALSE
"[(Mantan Bupati Belitung)-(Murid)]""";FALSE;FALSE;FALSE;FALSE;FALSE;FALSE;FALSE;PERSON;OTHER;FALSE
[(Mantan Bupati Belitung)-(potensi diri)];FALSE;TRUE;FALSE;FALSE;FALSE;FALSE;FALSE;PERSON;OTHER;FALSE
[(Mantan Bupati Belitung)-(UN tetap)];FALSE;TRUE;FALSE;FALSE;FALSE;FALSE;FALSE;PERSON;ORGANIZATION;FALSE
[(Mantan Bupati Belitung)-(sekolahnya)];FALSE;TRUE;FALSE;FALSE;FALSE;FALSE;FALSE;PERSON;OTHER;FALSE
[(Mantan Bupati Belitung)-(Semua murid)];FALSE;TRUE;FALSE;FALSE;FALSE;FALSE;FALSE;PERSON;OTHER;FALSE
[(Mantan Bupati Belitung)-(bimbingan)];FALSE;TRUE;FALSE;FALSE;FALSE;FALSE;FALSE;PERSON;OTHER;FALSE
[(Mantan Bupati Belitung)-(Ahok)];FALSE;TRUE;FALSE;FALSE;FALSE;FALSE;FALSE;PERSON;PERSON;TRUE
[(UN)-(peserta)];FALSE;TRUE;FALSE;FALSE;FALSE;TRUE;FALSE;ORGANIZATION;OTHER;FALSE
[(UN)-(sebuah karakter)];FALSE;TRUE;FALSE;FALSE;FALSE;TRUE;FALSE;ORGANIZATION;OTHER;FALSE
"[(UN)-(Memangnya)]""";FALSE;FALSE;FALSE;FALSE;FALSE;FALSE;FALSE;ORGANIZATION;OTHER;FALSE
[(UN)-(jaminan)];FALSE;TRUE;FALSE;FALSE;FALSE;FALSE;FALSE;ORGANIZATION;OTHER;FALSE
[(UN)-(nilai UN bagus)];FALSE;TRUE;FALSE;FALSE;FALSE;FALSE;TRUE;ORGANIZATION;OTHER;FALSE
[(UN)-(karakter)];FALSE;TRUE;FALSE;FALSE;FALSE;FALSE;FALSE;ORGANIZATION;OTHER;FALSE
[(UN)-(bagus?)];FALSE;TRUE;FALSE;FALSE;FALSE;FALSE;FALSE;ORGANIZATION;OTHER;FALSE
[(UN)-(kerja?)];FALSE;TRUE;FALSE;FALSE;FALSE;FALSE;FALSE;ORGANIZATION;OTHER;FALSE
[(UN)-(Bisa teguh)];FALSE;TRUE;FALSE;FALSE;FALSE;FALSE;FALSE;ORGANIZATION;OTHER;FALSE
[(UN)-(kesulitan?)];FALSE;TRUE;FALSE;FALSE;FALSE;FALSE;FALSE;ORGANIZATION;OTHER;FALSE
[(UN)-(tegas Ahok)];FALSE;TRUE;FALSE;FALSE;FALSE;FALSE;FALSE;ORGANIZATION;OTHER;FALSE
[(UN)-(Ahok)];FALSE;TRUE;FALSE;FALSE;FALSE;FALSE;FALSE;ORGANIZATION;PERSON;FALSE
[(UN)-(kegiatan)];FALSE;TRUE;FALSE;FALSE;FALSE;FALSE;FALSE;ORGANIZATION;OTHER;FALSE
[(UN)-(waktu silam)];FALSE;TRUE;FALSE;FALSE;FALSE;FALSE;FALSE;ORGANIZATION;OTHER;FALSE
[(UN)-(mana guru dan murid)];FALSE;TRUE;FALSE;FALSE;FALSE;FALSE;FALSE;ORGANIZATION;OTHER;FALSE
[(UN)-(interaksi)];FALSE;TRUE;FALSE;FALSE;FALSE;FALSE;FALSE;ORGANIZATION;OTHER;FALSE
"[(UN)-(Murid)]""";FALSE;FALSE;FALSE;FALSE;FALSE;FALSE;FALSE;ORGANIZATION;OTHER;FALSE
[(UN)-(potensi diri)];FALSE;TRUE;FALSE;FALSE;FALSE;FALSE;FALSE;ORGANIZATION;OTHER;FALSE
[(UN)-(UN tetap)];FALSE;TRUE;FALSE;FALSE;FALSE;FALSE;TRUE;ORGANIZATION;ORGANIZATION;FALSE
[(UN)-(sekolahnya)];FALSE;TRUE;FALSE;FALSE;FALSE;FALSE;FALSE;ORGANIZATION;OTHER;FALSE
[(UN)-(Semua murid)];FALSE;TRUE;FALSE;FALSE;FALSE;FALSE;FALSE;ORGANIZATION;OTHER;FALSE
[(UN)-(bimbingan)];FALSE;TRUE;FALSE;FALSE;FALSE;FALSE;FALSE;ORGANIZATION;OTHER;FALSE
[(UN)-(Ahok)];FALSE;TRUE;FALSE;FALSE;FALSE;FALSE;FALSE;ORGANIZATION;PERSON;FALSE
[(peserta)-(sebuah karakter)];FALSE;TRUE;FALSE;FALSE;FALSE;TRUE;FALSE;OTHER;OTHER;FALSE
"[(peserta)-(Memangnya)]""";FALSE;FALSE;FALSE;FALSE;FALSE;FALSE;FALSE;OTHER;OTHER;FALSE
[(peserta)-(jaminan)];FALSE;TRUE;FALSE;FALSE;FALSE;FALSE;FALSE;OTHER;OTHER;FALSE
[(peserta)-(nilai UN bagus)];FALSE;TRUE;FALSE;FALSE;FALSE;FALSE;FALSE;OTHER;OTHER;FALSE
[(peserta)-(karakter)];FALSE;TRUE;FALSE;FALSE;FALSE;FALSE;FALSE;OTHER;OTHER;FALSE
[(peserta)-(bagus?)];FALSE;TRUE;FALSE;FALSE;FALSE;FALSE;FALSE;OTHER;OTHER;FALSE
[(peserta)-(kerja?)];FALSE;TRUE;FALSE;FALSE;FALSE;FALSE;FALSE;OTHER;OTHER;FALSE
[(peserta)-(Bisa teguh)];FALSE;TRUE;FALSE;FALSE;FALSE;FALSE;FALSE;OTHER;OTHER;FALSE
[(peserta)-(kesulitan?)];FALSE;TRUE;FALSE;FALSE;FALSE;FALSE;FALSE;OTHER;OTHER;FALSE
[(peserta)-(tegas Ahok)];FALSE;TRUE;FALSE;FALSE;FALSE;FALSE;FALSE;OTHER;OTHER;FALSE
[(peserta)-(Ahok)];FALSE;TRUE;FALSE;FALSE;FALSE;FALSE;FALSE;OTHER;PERSON;FALSE
[(peserta)-(kegiatan)];FALSE;TRUE;FALSE;FALSE;FALSE;FALSE;FALSE;OTHER;OTHER;FALSE
[(peserta)-(waktu silam)];FALSE;TRUE;FALSE;FALSE;FALSE;FALSE;FALSE;OTHER;OTHER;FALSE
[(peserta)-(mana guru dan murid)];FALSE;TRUE;FALSE;FALSE;FALSE;FALSE;FALSE;OTHER;OTHER;FALSE
[(peserta)-(interaksi)];FALSE;TRUE;FALSE;FALSE;FALSE;FALSE;FALSE;OTHER;OTHER;FALSE
"[(peserta)-(Murid)]""";FALSE;FALSE;FALSE;FALSE;FALSE;FALSE;FALSE;OTHER;OTHER;FALSE
[(peserta)-(potensi diri)];FALSE;TRUE;FALSE;FALSE;FALSE;FALSE;FALSE;OTHER;OTHER;FALSE
[(peserta)-(UN tetap)];FALSE;TRUE;FALSE;FALSE;FALSE;FALSE;FALSE;OTHER;ORGANIZATION;FALSE
[(peserta)-(sekolahnya)];FALSE;TRUE;FALSE;FALSE;FALSE;FALSE;FALSE;OTHER;OTHER;FALSE
[(peserta)-(Semua murid)];FALSE;TRUE;FALSE;FALSE;FALSE;FALSE;FALSE;OTHER;OTHER;FALSE
[(peserta)-(bimbingan)];FALSE;TRUE;FALSE;FALSE;FALSE;FALSE;FALSE;OTHER;OTHER;FALSE
[(peserta)-(Ahok)];FALSE;TRUE;FALSE;FALSE;FALSE;FALSE;FALSE;OTHER;PERSON;FALSE
"[(sebuah karakter)-(Memangnya)]""";FALSE;FALSE;FALSE;FALSE;FALSE;FALSE;FALSE;OTHER;OTHER;FALSE
[(sebuah karakter)-(jaminan)];FALSE;TRUE;FALSE;FALSE;FALSE;FALSE;FALSE;OTHER;OTHER;FALSE
[(sebuah karakter)-(nilai UN bagus)];FALSE;TRUE;FALSE;FALSE;FALSE;FALSE;FALSE;OTHER;OTHER;FALSE
[(sebuah karakter)-(karakter)];FALSE;TRUE;FALSE;FALSE;FALSE;FALSE;TRUE;OTHER;OTHER;FALSE
[(sebuah karakter)-(bagus?)];FALSE;TRUE;FALSE;FALSE;FALSE;FALSE;FALSE;OTHER;OTHER;FALSE
[(sebuah karakter)-(kerja?)];FALSE;TRUE;FALSE;FALSE;FALSE;FALSE;FALSE;OTHER;OTHER;FALSE
[(sebuah karakter)-(Bisa teguh)];FALSE;TRUE;FALSE;FALSE;FALSE;FALSE;FALSE;OTHER;OTHER;FALSE
[(sebuah karakter)-(kesulitan?)];FALSE;TRUE;FALSE;FALSE;FALSE;FALSE;FALSE;OTHER;OTHER;FALSE
[(sebuah karakter)-(tegas Ahok)];FALSE;TRUE;FALSE;FALSE;FALSE;FALSE;FALSE;OTHER;OTHER;FALSE
[(sebuah karakter)-(Ahok)];FALSE;TRUE;FALSE;FALSE;FALSE;FALSE;FALSE;OTHER;PERSON;FALSE
[(sebuah karakter)-(kegiatan)];FALSE;TRUE;FALSE;FALSE;FALSE;FALSE;FALSE;OTHER;OTHER;FALSE
[(sebuah karakter)-(waktu silam)];FALSE;TRUE;FALSE;FALSE;FALSE;FALSE;FALSE;OTHER;OTHER;FALSE
[(sebuah karakter)-(mana guru dan murid)];FALSE;TRUE;FALSE;FALSE;FALSE;FALSE;FALSE;OTHER;OTHER;FALSE
[(sebuah karakter)-(interaksi)];FALSE;TRUE;FALSE;FALSE;FALSE;FALSE;FALSE;OTHER;OTHER;FALSE
"[(sebuah karakter)-(Murid)]""";FALSE;FALSE;FALSE;FALSE;FALSE;FALSE;FALSE;OTHER;OTHER;FALSE
[(sebuah karakter)-(potensi diri)];FALSE;TRUE;FALSE;FALSE;FALSE;FALSE;FALSE;OTHER;OTHER;FALSE
[(sebuah karakter)-(UN tetap)];FALSE;TRUE;FALSE;FALSE;FALSE;FALSE;FALSE;OTHER;ORGANIZATION;FALSE
[(sebuah karakter)-(sekolahnya)];FALSE;TRUE;FALSE;FALSE;FALSE;FALSE;FALSE;OTHER;OTHER;FALSE
[(sebuah karakter)-(Semua murid)];FALSE;TRUE;FALSE;FALSE;FALSE;FALSE;FALSE;OTHER;OTHER;FALSE
[(sebuah karakter)-(bimbingan)];FALSE;TRUE;FALSE;FALSE;FALSE;FALSE;FALSE;OTHER;OTHER;FALSE
[(sebuah karakter)-(Ahok)];FALSE;TRUE;FALSE;FALSE;FALSE;FALSE;FALSE;OTHER;PERSON;FALSE
"[(Memangnya)-(jaminan)]""";FALSE;FALSE;FALSE;FALSE;FALSE;TRUE;FALSE;OTHER;OTHER;FALSE
"[(Memangnya)-(nilai UN bagus)]""";FALSE;FALSE;FALSE;FALSE;FALSE;TRUE;FALSE;OTHER;OTHER;FALSE
"[(Memangnya)-(karakter)]""";FALSE;FALSE;FALSE;FALSE;FALSE;TRUE;FALSE;OTHER;OTHER;FALSE
"[(Memangnya)-(bagus?)]""";FALSE;FALSE;FALSE;FALSE;FALSE;TRUE;FALSE;OTHER;OTHER;FALSE
"[(Memangnya)-(kerja?)]""";FALSE;FALSE;FALSE;FALSE;FALSE;FALSE;FALSE;OTHER;OTHER;FALSE
"[(Memangnya)-(Bisa teguh)]""";FALSE;FALSE;FALSE;FALSE;FALSE;FALSE;FALSE;OTHER;OTHER;FALSE
"[(Memangnya)-(kesulitan?)]""";FALSE;FALSE;FALSE;FALSE;FALSE;FALSE;FALSE;OTHER;OTHER;FALSE
"[(Memangnya)-(tegas Ahok)]""";FALSE;FALSE;FALSE;FALSE;FALSE;FALSE;FALSE;OTHER;OTHER;FALSE
"[(Memangnya)-(Ahok)]""";FALSE;FALSE;FALSE;FALSE;FALSE;FALSE;FALSE;OTHER;PERSON;FALSE
"[(Memangnya)-(kegiatan)]""";FALSE;FALSE;FALSE;FALSE;FALSE;FALSE;FALSE;OTHER;OTHER;FALSE
"[(Memangnya)-(waktu silam)]""";FALSE;FALSE;FALSE;FALSE;FALSE;FALSE;FALSE;OTHER;OTHER;FALSE
"[(Memangnya)-(mana guru dan murid)]""";FALSE;FALSE;FALSE;FALSE;FALSE;FALSE;FALSE;OTHER;OTHER;FALSE
"[(Memangnya)-(interaksi)]""";FALSE;FALSE;FALSE;FALSE;FALSE;FALSE;FALSE;OTHER;OTHER;FALSE
"[(Memangnya)-(""Murid)]""";FALSE;FALSE;FALSE;FALSE;FALSE;FALSE;FALSE;OTHER;OTHER;FALSE
"[(Memangnya)-(potensi diri)]""";FALSE;FALSE;FALSE;FALSE;FALSE;FALSE;FALSE;OTHER;OTHER;FALSE
"[(Memangnya)-(UN tetap)]""";FALSE;FALSE;FALSE;FALSE;FALSE;FALSE;FALSE;OTHER;ORGANIZATION;FALSE
"[(Memangnya)-(sekolahnya)]""";FALSE;FALSE;FALSE;FALSE;FALSE;FALSE;FALSE;OTHER;OTHER;FALSE
"[(Memangnya)-(Semua murid)]""";FALSE;FALSE;FALSE;FALSE;FALSE;FALSE;FALSE;OTHER;OTHER;FALSE
"[(Memangnya)-(bimbingan)]""";FALSE;FALSE;FALSE;FALSE;FALSE;FALSE;FALSE;OTHER;OTHER;FALSE
"[(Memangnya)-(Ahok)]""";FALSE;FALSE;FALSE;FALSE;FALSE;FALSE;FALSE;OTHER;PERSON;FALSE
[(jaminan)-(nilai UN bagus)];FALSE;TRUE;FALSE;FALSE;FALSE;TRUE;FALSE;OTHER;OTHER;FALSE
[(jaminan)-(karakter)];FALSE;TRUE;FALSE;FALSE;FALSE;TRUE;FALSE;OTHER;OTHER;FALSE
[(jaminan)-(bagus?)];FALSE;TRUE;FALSE;FALSE;FALSE;TRUE;FALSE;OTHER;OTHER;FALSE
[(jaminan)-(kerja?)];FALSE;TRUE;FALSE;FALSE;FALSE;FALSE;FALSE;OTHER;OTHER;FALSE
[(jaminan)-(Bisa teguh)];FALSE;TRUE;FALSE;FALSE;FALSE;FALSE;FALSE;OTHER;OTHER;FALSE
[(jaminan)-(kesulitan?)];FALSE;TRUE;FALSE;FALSE;FALSE;FALSE;FALSE;OTHER;OTHER;FALSE
[(jaminan)-(tegas Ahok)];FALSE;TRUE;FALSE;FALSE;FALSE;FALSE;FALSE;OTHER;OTHER;FALSE
[(jaminan)-(Ahok)];FALSE;TRUE;FALSE;FALSE;FALSE;FALSE;FALSE;OTHER;PERSON;FALSE
[(jaminan)-(kegiatan)];FALSE;TRUE;FALSE;FALSE;FALSE;FALSE;FALSE;OTHER;OTHER;FALSE
[(jaminan)-(waktu silam)];FALSE;TRUE;FALSE;FALSE;FALSE;FALSE;FALSE;OTHER;OTHER;FALSE
[(jaminan)-(mana guru dan murid)];FALSE;TRUE;FALSE;FALSE;FALSE;FALSE;FALSE;OTHER;OTHER;FALSE
[(jaminan)-(interaksi)];FALSE;TRUE;FALSE;FALSE;FALSE;FALSE;FALSE;OTHER;OTHER;FALSE
"[(jaminan)-(Murid)]""";FALSE;FALSE;FALSE;FALSE;FALSE;FALSE;FALSE;OTHER;OTHER;FALSE
[(jaminan)-(potensi diri)];FALSE;TRUE;FALSE;FALSE;FALSE;FALSE;FALSE;OTHER;OTHER;FALSE
[(jaminan)-(UN tetap)];FALSE;TRUE;FALSE;FALSE;FALSE;FALSE;FALSE;OTHER;ORGANIZATION;FALSE
[(jaminan)-(sekolahnya)];FALSE;TRUE;FALSE;FALSE;FALSE;FALSE;FALSE;OTHER;OTHER;FALSE
[(jaminan)-(Semua murid)];FALSE;TRUE;FALSE;FALSE;FALSE;FALSE;FALSE;OTHER;OTHER;FALSE
[(jaminan)-(bimbingan)];FALSE;TRUE;FALSE;FALSE;FALSE;FALSE;FALSE;OTHER;OTHER;FALSE
[(jaminan)-(Ahok)];FALSE;TRUE;FALSE;FALSE;FALSE;FALSE;FALSE;OTHER;PERSON;FALSE
[(nilai UN bagus)-(karakter)];FALSE;TRUE;FALSE;FALSE;FALSE;TRUE;FALSE;OTHER;OTHER;FALSE
[(nilai UN bagus)-(bagus?)];FALSE;TRUE;FALSE;FALSE;FALSE;TRUE;FALSE;OTHER;OTHER;FALSE
[(nilai UN bagus)-(kerja?)];FALSE;TRUE;FALSE;FALSE;FALSE;FALSE;FALSE;OTHER;OTHER;FALSE
[(nilai UN bagus)-(Bisa teguh)];FALSE;TRUE;FALSE;FALSE;FALSE;FALSE;FALSE;OTHER;OTHER;FALSE
[(nilai UN bagus)-(kesulitan?)];FALSE;TRUE;FALSE;FALSE;FALSE;FALSE;FALSE;OTHER;OTHER;FALSE
[(nilai UN bagus)-(tegas Ahok)];FALSE;TRUE;FALSE;FALSE;FALSE;FALSE;FALSE;OTHER;OTHER;FALSE
[(nilai UN bagus)-(Ahok)];FALSE;TRUE;FALSE;FALSE;FALSE;FALSE;FALSE;OTHER;PERSON;FALSE
[(nilai UN bagus)-(kegiatan)];FALSE;TRUE;FALSE;FALSE;FALSE;FALSE;FALSE;OTHER;OTHER;FALSE
[(nilai UN bagus)-(waktu silam)];FALSE;TRUE;FALSE;FALSE;FALSE;FALSE;FALSE;OTHER;OTHER;FALSE
[(nilai UN bagus)-(mana guru dan murid)];FALSE;TRUE;FALSE;FALSE;FALSE;FALSE;FALSE;OTHER;OTHER;FALSE
[(nilai UN bagus)-(interaksi)];FALSE;TRUE;FALSE;FALSE;FALSE;FALSE;FALSE;OTHER;OTHER;FALSE
"[(nilai UN bagus)-(Murid)]""";FALSE;FALSE;FALSE;FALSE;FALSE;FALSE;FALSE;OTHER;OTHER;FALSE
[(nilai UN bagus)-(potensi diri)];FALSE;TRUE;FALSE;FALSE;FALSE;FALSE;FALSE;OTHER;OTHER;FALSE
[(nilai UN bagus)-(UN tetap)];FALSE;TRUE;FALSE;FALSE;FALSE;FALSE;FALSE;OTHER;ORGANIZATION;FALSE
[(nilai UN bagus)-(sekolahnya)];FALSE;TRUE;FALSE;FALSE;FALSE;FALSE;FALSE;OTHER;OTHER;FALSE
[(nilai UN bagus)-(Semua murid)];FALSE;TRUE;FALSE;FALSE;FALSE;FALSE;FALSE;OTHER;OTHER;FALSE
[(nilai UN bagus)-(bimbingan)];FALSE;TRUE;FALSE;FALSE;FALSE;FALSE;FALSE;OTHER;OTHER;FALSE
[(nilai UN bagus)-(Ahok)];FALSE;TRUE;FALSE;FALSE;FALSE;FALSE;FALSE;OTHER;PERSON;FALSE
[(karakter)-(bagus?)];FALSE;TRUE;FALSE;FALSE;FALSE;TRUE;FALSE;OTHER;OTHER;FALSE
[(karakter)-(kerja?)];FALSE;TRUE;FALSE;FALSE;FALSE;FALSE;FALSE;OTHER;OTHER;FALSE
[(karakter)-(Bisa teguh)];FALSE;TRUE;FALSE;FALSE;FALSE;FALSE;FALSE;OTHER;OTHER;FALSE
[(karakter)-(kesulitan?)];FALSE;TRUE;FALSE;FALSE;FALSE;FALSE;FALSE;OTHER;OTHER;FALSE
[(karakter)-(tegas Ahok)];FALSE;TRUE;FALSE;FALSE;FALSE;FALSE;FALSE;OTHER;OTHER;FALSE
[(karakter)-(Ahok)];FALSE;TRUE;FALSE;FALSE;FALSE;FALSE;FALSE;OTHER;PERSON;FALSE
[(karakter)-(kegiatan)];FALSE;TRUE;FALSE;FALSE;FALSE;FALSE;FALSE;OTHER;OTHER;FALSE
[(karakter)-(waktu silam)];FALSE;TRUE;FALSE;FALSE;FALSE;FALSE;FALSE;OTHER;OTHER;FALSE
[(karakter)-(mana guru dan murid)];FALSE;TRUE;FALSE;FALSE;FALSE;FALSE;FALSE;OTHER;OTHER;FALSE
[(karakter)-(interaksi)];FALSE;TRUE;FALSE;FALSE;FALSE;FALSE;FALSE;OTHER;OTHER;FALSE
"[(karakter)-(Murid)]""";FALSE;FALSE;FALSE;FALSE;FALSE;FALSE;FALSE;OTHER;OTHER;FALSE
[(karakter)-(potensi diri)];FALSE;TRUE;FALSE;FALSE;FALSE;FALSE;FALSE;OTHER;OTHER;FALSE
[(karakter)-(UN tetap)];FALSE;TRUE;FALSE;FALSE;FALSE;FALSE;FALSE;OTHER;ORGANIZATION;FALSE
[(karakter)-(sekolahnya)];FALSE;TRUE;FALSE;FALSE;FALSE;FALSE;FALSE;OTHER;OTHER;FALSE
[(karakter)-(Semua murid)];FALSE;TRUE;FALSE;FALSE;FALSE;FALSE;FALSE;OTHER;OTHER;FALSE
[(karakter)-(bimbingan)];FALSE;TRUE;FALSE;FALSE;FALSE;FALSE;FALSE;OTHER;OTHER;FALSE
[(karakter)-(Ahok)];FALSE;TRUE;FALSE;FALSE;FALSE;FALSE;FALSE;OTHER;PERSON;FALSE
[(bagus?)-(kerja?)];FALSE;TRUE;FALSE;FALSE;FALSE;FALSE;FALSE;OTHER;OTHER;FALSE
[(bagus?)-(Bisa teguh)];FALSE;TRUE;FALSE;FALSE;FALSE;FALSE;FALSE;OTHER;OTHER;FALSE
[(bagus?)-(kesulitan?)];FALSE;TRUE;FALSE;FALSE;FALSE;FALSE;FALSE;OTHER;OTHER;FALSE
[(bagus?)-(tegas Ahok)];FALSE;TRUE;FALSE;FALSE;FALSE;FALSE;FALSE;OTHER;OTHER;FALSE
[(bagus?)-(Ahok)];FALSE;TRUE;FALSE;FALSE;FALSE;FALSE;FALSE;OTHER;PERSON;FALSE
[(bagus?)-(kegiatan)];FALSE;TRUE;FALSE;FALSE;FALSE;FALSE;FALSE;OTHER;OTHER;FALSE
[(bagus?)-(waktu silam)];FALSE;TRUE;FALSE;FALSE;FALSE;FALSE;FALSE;OTHER;OTHER;FALSE
[(bagus?)-(mana guru dan murid)];FALSE;TRUE;FALSE;FALSE;FALSE;FALSE;FALSE;OTHER;OTHER;FALSE
[(bagus?)-(interaksi)];FALSE;TRUE;FALSE;FALSE;FALSE;FALSE;FALSE;OTHER;OTHER;FALSE
"[(bagus?)-(Murid)]""";FALSE;FALSE;FALSE;FALSE;FALSE;FALSE;FALSE;OTHER;OTHER;FALSE
[(bagus?)-(potensi diri)];FALSE;TRUE;FALSE;FALSE;FALSE;FALSE;FALSE;OTHER;OTHER;FALSE
[(bagus?)-(UN tetap)];FALSE;TRUE;FALSE;FALSE;FALSE;FALSE;FALSE;OTHER;ORGANIZATION;FALSE
[(bagus?)-(sekolahnya)];FALSE;TRUE;FALSE;FALSE;FALSE;FALSE;FALSE;OTHER;OTHER;FALSE
[(bagus?)-(Semua murid)];FALSE;TRUE;FALSE;FALSE;FALSE;FALSE;FALSE;OTHER;OTHER;FALSE
[(bagus?)-(bimbingan)];FALSE;TRUE;FALSE;FALSE;FALSE;FALSE;FALSE;OTHER;OTHER;FALSE
[(bagus?)-(Ahok)];FALSE;TRUE;FALSE;FALSE;FALSE;FALSE;FALSE;OTHER;PERSON;FALSE
[(kerja?)-(Bisa teguh)];FALSE;TRUE;FALSE;FALSE;FALSE;FALSE;FALSE;OTHER;OTHER;FALSE
[(kerja?)-(kesulitan?)];FALSE;TRUE;FALSE;FALSE;FALSE;FALSE;FALSE;OTHER;OTHER;FALSE
[(kerja?)-(tegas Ahok)];FALSE;TRUE;FALSE;FALSE;FALSE;FALSE;FALSE;OTHER;OTHER;FALSE
[(kerja?)-(Ahok)];FALSE;TRUE;FALSE;FALSE;FALSE;FALSE;FALSE;OTHER;PERSON;FALSE
[(kerja?)-(kegiatan)];FALSE;TRUE;FALSE;FALSE;FALSE;FALSE;FALSE;OTHER;OTHER;FALSE
[(kerja?)-(waktu silam)];FALSE;TRUE;FALSE;FALSE;FALSE;FALSE;FALSE;OTHER;OTHER;FALSE
[(kerja?)-(mana guru dan murid)];FALSE;TRUE;FALSE;FALSE;FALSE;FALSE;FALSE;OTHER;OTHER;FALSE
[(kerja?)-(interaksi)];FALSE;TRUE;FALSE;FALSE;FALSE;FALSE;FALSE;OTHER;OTHER;FALSE
"[(kerja?)-(Murid)]""";FALSE;FALSE;FALSE;FALSE;FALSE;FALSE;FALSE;OTHER;OTHER;FALSE
[(kerja?)-(potensi diri)];FALSE;TRUE;FALSE;FALSE;FALSE;FALSE;FALSE;OTHER;OTHER;FALSE
[(kerja?)-(UN tetap)];FALSE;TRUE;FALSE;FALSE;FALSE;FALSE;FALSE;OTHER;ORGANIZATION;FALSE
[(kerja?)-(sekolahnya)];FALSE;TRUE;FALSE;FALSE;FALSE;FALSE;FALSE;OTHER;OTHER;FALSE
[(kerja?)-(Semua murid)];FALSE;TRUE;FALSE;FALSE;FALSE;FALSE;FALSE;OTHER;OTHER;FALSE
[(kerja?)-(bimbingan)];FALSE;TRUE;FALSE;FALSE;FALSE;FALSE;FALSE;OTHER;OTHER;FALSE
[(kerja?)-(Ahok)];FALSE;TRUE;FALSE;FALSE;FALSE;FALSE;FALSE;OTHER;PERSON;FALSE
[(Bisa teguh)-(kesulitan?)];FALSE;TRUE;FALSE;FALSE;FALSE;TRUE;FALSE;OTHER;OTHER;FALSE
[(Bisa teguh)-(tegas Ahok)];FALSE;TRUE;FALSE;FALSE;FALSE;FALSE;FALSE;OTHER;OTHER;FALSE
[(Bisa teguh)-(Ahok)];FALSE;TRUE;FALSE;FALSE;FALSE;FALSE;FALSE;OTHER;PERSON;FALSE
[(Bisa teguh)-(kegiatan)];FALSE;TRUE;FALSE;FALSE;FALSE;FALSE;FALSE;OTHER;OTHER;FALSE
[(Bisa teguh)-(waktu silam)];FALSE;TRUE;FALSE;FALSE;FALSE;FALSE;FALSE;OTHER;OTHER;FALSE
[(Bisa teguh)-(mana guru dan murid)];FALSE;TRUE;FALSE;FALSE;FALSE;FALSE;FALSE;OTHER;OTHER;FALSE
[(Bisa teguh)-(interaksi)];FALSE;TRUE;FALSE;FALSE;FALSE;FALSE;FALSE;OTHER;OTHER;FALSE
"[(Bisa teguh)-(Murid)]""";FALSE;FALSE;FALSE;FALSE;FALSE;FALSE;FALSE;OTHER;OTHER;FALSE
[(Bisa teguh)-(potensi diri)];FALSE;TRUE;FALSE;FALSE;FALSE;FALSE;FALSE;OTHER;OTHER;FALSE
[(Bisa teguh)-(UN tetap)];FALSE;TRUE;FALSE;FALSE;FALSE;FALSE;FALSE;OTHER;ORGANIZATION;FALSE
[(Bisa teguh)-(sekolahnya)];FALSE;TRUE;FALSE;FALSE;FALSE;FALSE;FALSE;OTHER;OTHER;FALSE
[(Bisa teguh)-(Semua murid)];FALSE;TRUE;FALSE;FALSE;FALSE;FALSE;FALSE;OTHER;OTHER;FALSE
[(Bisa teguh)-(bimbingan)];FALSE;TRUE;FALSE;FALSE;FALSE;FALSE;FALSE;OTHER;OTHER;FALSE
[(Bisa teguh)-(Ahok)];FALSE;TRUE;FALSE;FALSE;FALSE;FALSE;FALSE;OTHER;PERSON;FALSE
[(kesulitan?)-(tegas Ahok)];FALSE;TRUE;FALSE;FALSE;FALSE;FALSE;FALSE;OTHER;OTHER;FALSE
[(kesulitan?)-(Ahok)];FALSE;TRUE;FALSE;FALSE;FALSE;FALSE;FALSE;OTHER;PERSON;FALSE
[(kesulitan?)-(kegiatan)];FALSE;TRUE;FALSE;FALSE;FALSE;FALSE;FALSE;OTHER;OTHER;FALSE
[(kesulitan?)-(waktu silam)];FALSE;TRUE;FALSE;FALSE;FALSE;FALSE;FALSE;OTHER;OTHER;FALSE
[(kesulitan?)-(mana guru dan murid)];FALSE;TRUE;FALSE;FALSE;FALSE;FALSE;FALSE;OTHER;OTHER;FALSE
[(kesulitan?)-(interaksi)];FALSE;TRUE;FALSE;FALSE;FALSE;FALSE;FALSE;OTHER;OTHER;FALSE
"[(kesulitan?)-(Murid)]""";FALSE;FALSE;FALSE;FALSE;FALSE;FALSE;FALSE;OTHER;OTHER;FALSE
[(kesulitan?)-(potensi diri)];FALSE;TRUE;FALSE;FALSE;FALSE;FALSE;FALSE;OTHER;OTHER;FALSE
[(kesulitan?)-(UN tetap)];FALSE;TRUE;FALSE;FALSE;FALSE;FALSE;FALSE;OTHER;ORGANIZATION;FALSE
[(kesulitan?)-(sekolahnya)];FALSE;TRUE;FALSE;FALSE;FALSE;FALSE;FALSE;OTHER;OTHER;FALSE
[(kesulitan?)-(Semua murid)];FALSE;TRUE;FALSE;FALSE;FALSE;FALSE;FALSE;OTHER;OTHER;FALSE
[(kesulitan?)-(bimbingan)];FALSE;TRUE;FALSE;FALSE;FALSE;FALSE;FALSE;OTHER;OTHER;FALSE
[(kesulitan?)-(Ahok)];FALSE;TRUE;FALSE;FALSE;FALSE;FALSE;FALSE;OTHER;PERSON;FALSE
[(tegas Ahok)-(Ahok)];FALSE;TRUE;FALSE;FALSE;FALSE;FALSE;TRUE;OTHER;PERSON;FALSE
[(tegas Ahok)-(kegiatan)];FALSE;TRUE;FALSE;FALSE;FALSE;FALSE;FALSE;OTHER;OTHER;FALSE
[(tegas Ahok)-(waktu silam)];FALSE;TRUE;FALSE;FALSE;FALSE;FALSE;FALSE;OTHER;OTHER;FALSE
[(tegas Ahok)-(mana guru dan murid)];FALSE;TRUE;FALSE;FALSE;FALSE;FALSE;FALSE;OTHER;OTHER;FALSE
[(tegas Ahok)-(interaksi)];FALSE;TRUE;FALSE;FALSE;FALSE;FALSE;FALSE;OTHER;OTHER;FALSE
"[(tegas Ahok)-(Murid)]""";FALSE;FALSE;FALSE;FALSE;FALSE;FALSE;FALSE;OTHER;OTHER;FALSE
[(tegas Ahok)-(potensi diri)];FALSE;TRUE;FALSE;FALSE;FALSE;FALSE;FALSE;OTHER;OTHER;FALSE
[(tegas Ahok)-(UN tetap)];FALSE;TRUE;FALSE;FALSE;FALSE;FALSE;FALSE;OTHER;ORGANIZATION;FALSE
[(tegas Ahok)-(sekolahnya)];FALSE;TRUE;FALSE;FALSE;FALSE;FALSE;FALSE;OTHER;OTHER;FALSE
[(tegas Ahok)-(Semua murid)];FALSE;TRUE;FALSE;FALSE;FALSE;FALSE;FALSE;OTHER;OTHER;FALSE
[(tegas Ahok)-(bimbingan)];FALSE;TRUE;FALSE;FALSE;FALSE;FALSE;FALSE;OTHER;OTHER;FALSE
[(tegas Ahok)-(Ahok)];FALSE;TRUE;FALSE;FALSE;FALSE;FALSE;TRUE;OTHER;PERSON;FALSE
[(Ahok)-(kegiatan)];FALSE;TRUE;FALSE;FALSE;FALSE;TRUE;FALSE;PERSON;OTHER;FALSE
[(Ahok)-(waktu silam)];FALSE;TRUE;FALSE;FALSE;FALSE;TRUE;FALSE;PERSON;OTHER;FALSE
[(Ahok)-(mana guru dan murid)];FALSE;TRUE;FALSE;FALSE;FALSE;TRUE;FALSE;PERSON;OTHER;FALSE
[(Ahok)-(interaksi)];FALSE;TRUE;FALSE;FALSE;FALSE;TRUE;FALSE;PERSON;OTHER;FALSE
"[(Ahok)-(Murid)]""";FALSE;FALSE;FALSE;FALSE;FALSE;FALSE;FALSE;PERSON;OTHER;FALSE
[(Ahok)-(potensi diri)];FALSE;TRUE;FALSE;FALSE;FALSE;FALSE;FALSE;PERSON;OTHER;FALSE
[(Ahok)-(UN tetap)];FALSE;TRUE;FALSE;FALSE;FALSE;FALSE;FALSE;PERSON;ORGANIZATION;FALSE
[(Ahok)-(sekolahnya)];FALSE;TRUE;FALSE;FALSE;FALSE;FALSE;FALSE;PERSON;OTHER;FALSE
[(Ahok)-(Semua murid)];FALSE;TRUE;FALSE;FALSE;FALSE;FALSE;FALSE;PERSON;OTHER;FALSE
[(Ahok)-(bimbingan)];FALSE;TRUE;FALSE;FALSE;FALSE;FALSE;FALSE;PERSON;OTHER;FALSE
[(Ahok)-(Ahok)];TRUE;TRUE;FALSE;FALSE;FALSE;FALSE;TRUE;PERSON;PERSON;TRUE
[(kegiatan)-(waktu silam)];FALSE;TRUE;FALSE;FALSE;FALSE;TRUE;FALSE;OTHER;OTHER;FALSE
[(kegiatan)-(mana guru dan murid)];FALSE;TRUE;FALSE;FALSE;FALSE;TRUE;FALSE;OTHER;OTHER;FALSE
[(kegiatan)-(interaksi)];FALSE;TRUE;FALSE;FALSE;FALSE;TRUE;FALSE;OTHER;OTHER;FALSE
"[(kegiatan)-(Murid)]""";FALSE;FALSE;FALSE;FALSE;FALSE;FALSE;FALSE;OTHER;OTHER;FALSE
[(kegiatan)-(potensi diri)];FALSE;TRUE;FALSE;FALSE;FALSE;FALSE;FALSE;OTHER;OTHER;FALSE
[(kegiatan)-(UN tetap)];FALSE;TRUE;FALSE;FALSE;FALSE;FALSE;FALSE;OTHER;ORGANIZATION;FALSE
[(kegiatan)-(sekolahnya)];FALSE;TRUE;FALSE;FALSE;FALSE;FALSE;FALSE;OTHER;OTHER;FALSE
[(kegiatan)-(Semua murid)];FALSE;TRUE;FALSE;FALSE;FALSE;FALSE;FALSE;OTHER;OTHER;FALSE
[(kegiatan)-(bimbingan)];FALSE;TRUE;FALSE;FALSE;FALSE;FALSE;FALSE;OTHER;OTHER;FALSE
[(kegiatan)-(Ahok)];FALSE;TRUE;FALSE;FALSE;FALSE;FALSE;FALSE;OTHER;PERSON;FALSE
[(waktu silam)-(mana guru dan murid)];FALSE;TRUE;FALSE;FALSE;FALSE;TRUE;FALSE;OTHER;OTHER;FALSE
[(waktu silam)-(interaksi)];FALSE;TRUE;FALSE;FALSE;FALSE;TRUE;FALSE;OTHER;OTHER;FALSE
"[(waktu silam)-(Murid)]""";FALSE;FALSE;FALSE;FALSE;FALSE;FALSE;FALSE;OTHER;OTHER;FALSE
[(waktu silam)-(potensi diri)];FALSE;TRUE;FALSE;FALSE;FALSE;FALSE;FALSE;OTHER;OTHER;FALSE
[(waktu silam)-(UN tetap)];FALSE;TRUE;FALSE;FALSE;FALSE;FALSE;FALSE;OTHER;ORGANIZATION;FALSE
[(waktu silam)-(sekolahnya)];FALSE;TRUE;FALSE;FALSE;FALSE;FALSE;FALSE;OTHER;OTHER;FALSE
[(waktu silam)-(Semua murid)];FALSE;TRUE;FALSE;FALSE;FALSE;FALSE;FALSE;OTHER;OTHER;FALSE
[(waktu silam)-(bimbingan)];FALSE;TRUE;FALSE;FALSE;FALSE;FALSE;FALSE;OTHER;OTHER;FALSE
[(waktu silam)-(Ahok)];FALSE;TRUE;FALSE;FALSE;FALSE;FALSE;FALSE;OTHER;PERSON;FALSE
[(mana guru dan murid)-(interaksi)];FALSE;TRUE;FALSE;FALSE;FALSE;TRUE;FALSE;OTHER;OTHER;FALSE
"[(mana guru dan murid)-(Murid)]""";FALSE;FALSE;FALSE;FALSE;FALSE;FALSE;FALSE;OTHER;OTHER;FALSE
[(mana guru dan murid)-(potensi diri)];FALSE;TRUE;FALSE;FALSE;FALSE;FALSE;FALSE;OTHER;OTHER;FALSE
[(mana guru dan murid)-(UN tetap)];FALSE;TRUE;FALSE;FALSE;FALSE;FALSE;FALSE;OTHER;ORGANIZATION;FALSE
[(mana guru dan murid)-(sekolahnya)];FALSE;TRUE;FALSE;FALSE;FALSE;FALSE;FALSE;OTHER;OTHER;FALSE
[(mana guru dan murid)-(Semua murid)];FALSE;TRUE;FALSE;FALSE;FALSE;FALSE;FALSE;OTHER;OTHER;FALSE
[(mana guru dan murid)-(bimbingan)];FALSE;TRUE;FALSE;FALSE;FALSE;FALSE;FALSE;OTHER;OTHER;FALSE
[(mana guru dan murid)-(Ahok)];FALSE;TRUE;FALSE;FALSE;FALSE;FALSE;FALSE;OTHER;PERSON;FALSE
"[(interaksi)-(Murid)]""";FALSE;FALSE;FALSE;FALSE;FALSE;FALSE;FALSE;OTHER;OTHER;FALSE
[(interaksi)-(potensi diri)];FALSE;TRUE;FALSE;FALSE;FALSE;FALSE;FALSE;OTHER;OTHER;FALSE
[(interaksi)-(UN tetap)];FALSE;TRUE;FALSE;FALSE;FALSE;FALSE;FALSE;OTHER;ORGANIZATION;FALSE
[(interaksi)-(sekolahnya)];FALSE;TRUE;FALSE;FALSE;FALSE;FALSE;FALSE;OTHER;OTHER;FALSE
[(interaksi)-(Semua murid)];FALSE;TRUE;FALSE;FALSE;FALSE;FALSE;FALSE;OTHER;OTHER;FALSE
[(interaksi)-(bimbingan)];FALSE;TRUE;FALSE;FALSE;FALSE;FALSE;FALSE;OTHER;OTHER;FALSE
[(interaksi)-(Ahok)];FALSE;TRUE;FALSE;FALSE;FALSE;FALSE;FALSE;OTHER;PERSON;FALSE
"[(Murid)-(potensi diri)]""";FALSE;FALSE;FALSE;FALSE;FALSE;TRUE;FALSE;OTHER;OTHER;FALSE
"[(Murid)-(UN tetap)]""";FALSE;FALSE;FALSE;FALSE;FALSE;FALSE;FALSE;OTHER;ORGANIZATION;FALSE
"[(Murid)-(sekolahnya)]""";FALSE;FALSE;FALSE;FALSE;FALSE;FALSE;FALSE;OTHER;OTHER;FALSE
"[(Murid)-(Semua murid)]""";FALSE;FALSE;FALSE;FALSE;FALSE;FALSE;FALSE;OTHER;OTHER;FALSE
"[(Murid)-(bimbingan)]""";FALSE;FALSE;FALSE;FALSE;FALSE;FALSE;FALSE;OTHER;OTHER;FALSE
"[(Murid)-(Ahok)]""";FALSE;FALSE;FALSE;FALSE;FALSE;FALSE;FALSE;OTHER;PERSON;FALSE
[(potensi diri)-(UN tetap)];FALSE;TRUE;FALSE;FALSE;FALSE;FALSE;FALSE;OTHER;ORGANIZATION;FALSE
[(potensi diri)-(sekolahnya)];FALSE;TRUE;FALSE;FALSE;FALSE;FALSE;FALSE;OTHER;OTHER;FALSE
[(potensi diri)-(Semua murid)];FALSE;TRUE;FALSE;FALSE;FALSE;FALSE;FALSE;OTHER;OTHER;FALSE
[(potensi diri)-(bimbingan)];FALSE;TRUE;FALSE;FALSE;FALSE;FALSE;FALSE;OTHER;OTHER;FALSE
[(potensi diri)-(Ahok)];FALSE;TRUE;FALSE;FALSE;FALSE;FALSE;FALSE;OTHER;PERSON;FALSE
[(UN tetap)-(sekolahnya)];FALSE;TRUE;FALSE;FALSE;FALSE;TRUE;FALSE;ORGANIZATION;OTHER;FALSE
[(UN tetap)-(Semua murid)];FALSE;TRUE;FALSE;FALSE;FALSE;FALSE;FALSE;ORGANIZATION;OTHER;FALSE
[(UN tetap)-(bimbingan)];FALSE;TRUE;FALSE;FALSE;FALSE;FALSE;FALSE;ORGANIZATION;OTHER;FALSE
[(UN tetap)-(Ahok)];FALSE;TRUE;FALSE;FALSE;FALSE;FALSE;FALSE;ORGANIZATION;PERSON;FALSE
[(sekolahnya)-(Semua murid)];FALSE;TRUE;FALSE;FALSE;FALSE;FALSE;FALSE;OTHER;OTHER;FALSE
[(sekolahnya)-(bimbingan)];FALSE;TRUE;FALSE;FALSE;FALSE;FALSE;FALSE;OTHER;OTHER;FALSE
[(sekolahnya)-(Ahok)];FALSE;TRUE;FALSE;FALSE;FALSE;FALSE;FALSE;OTHER;PERSON;FALSE
[(Semua murid)-(bimbingan)];FALSE;TRUE;FALSE;FALSE;FALSE;TRUE;FALSE;OTHER;OTHER;FALSE
[(Semua murid)-(Ahok)];FALSE;TRUE;FALSE;FALSE;FALSE;TRUE;FALSE;OTHER;PERSON;FALSE
[(bimbingan)-(Ahok)];FALSE;TRUE;FALSE;FALSE;FALSE;TRUE;FALSE;OTHER;PERSON;FALSE
